wine_price_id;discount;valid_until
3;1.68;2023-06-25T22:21:32+00:00
11;2.23;2023-07-17T05:31:08+00:00
22;1.77;2023-06-20T05:04:45+00:00
30;0.68;2023-07-28T03:00:58+00:00
35;1.31;2023-10-21T16:29:16+00:00
39;2.22;2023-07-07T20:51:16+00:00
44;2.09;2023-10-08T20:30:47+00:00
46;3.24;2023-10-29T06:11:51+00:00
52;5.93;2023-11-23T16:27:44+00:00
53;2.01;2023-08-31T22:11:40+00:00
54;5.37;2023-06-03T11:01:55+00:00
60;0.65;2023-08-28T11:55:05+00:00
61;1.81;2023-09-29T06:26:18+00:00
71;6.36;2023-07-27T05:55:42+00:00
72;2.83;2023-08-30T14:19:38+00:00
86;3.38;2023-05-20T14:03:34+00:00
87;1.71;2023-08-01T00:45:01+00:00
89;2.42;2023-05-30T02:39:05+00:00
94;5.62;2023-07-28T11:05:50+00:00
100;1.33;2023-06-25T06:06:38+00:00
102;8.78;2023-06-10T14:58:04+00:00
105;5.89;2023-08-28T00:01:49+00:00
115;1.61;2023-05-26T17:52:49+00:00
128;2.91;2023-11-22T20:03:54+00:00
133;1.75;2023-07-16T15:19:51+00:00
149;2.02;2023-05-30T10:32:05+00:00
150;6.86;2023-05-05T19:50:52+00:00
162;3.91;2023-06-20T22:54:20+00:00
165;3.58;2023-05-04T23:25:35+00:00
170;3.82;2023-08-28T18:16:03+00:00
174;3.58;2023-07-04T19:47:04+00:00
183;5.07;2023-11-29T21:02:44+00:00
187;1.87;2023-06-08T04:14:35+00:00
188;2.59;2023-10-29T01:14:05+00:00
192;8.15;2023-06-03T22:20:30+00:00
199;2.04;2023-11-18T20:38:56+00:00
200;1.02;2023-05-30T01:09:55+00:00
207;3.65;2023-07-09T04:12:14+00:00
209;1.89;2023-12-01T14:41:06+00:00
215;6.8;2023-10-26T22:06:29+00:00
220;2.09;2023-07-28T05:28:06+00:00
221;1.3;2023-07-17T12:04:10+00:00
234;3.3;2023-06-06T08:32:37+00:00
240;3.77;2023-05-07T20:41:11+00:00
242;5.67;2023-09-14T06:25:12+00:00
248;5.15;2023-07-22T07:51:46+00:00
249;1.7;2023-09-24T01:39:11+00:00
252;0.31;2023-11-05T09:12:02+00:00
257;1.68;2023-11-14T06:52:08+00:00
264;2.3;2023-05-18T21:11:58+00:00
265;0.79;2023-07-17T14:16:52+00:00
267;0.61;2023-06-19T18:50:49+00:00
276;5.77;2023-05-16T18:22:54+00:00
278;0.86;2023-05-01T06:32:09+00:00
280;1.64;2023-10-08T12:02:57+00:00
282;1.55;2023-08-12T07:01:59+00:00
283;7.36;2023-10-22T16:28:21+00:00
284;1.99;2023-05-31T07:06:04+00:00
287;3.76;2023-05-28T10:42:37+00:00
288;0.76;2023-07-27T19:57:09+00:00
291;2.1;2023-08-17T17:14:12+00:00
295;1.98;2023-07-22T00:36:34+00:00
296;4.32;2023-05-27T01:52:40+00:00
297;1.72;2023-11-08T16:57:48+00:00
304;3.85;2023-06-16T03:31:03+00:00
306;1.56;2023-05-10T17:38:58+00:00
311;2.94;2023-10-15T16:46:45+00:00
316;5.97;2023-10-17T03:59:53+00:00
320;0.85;2023-10-28T11:52:41+00:00
325;1.53;2023-10-01T16:10:00+00:00
326;6.22;2023-11-20T20:22:19+00:00
330;2.66;2023-07-22T02:55:15+00:00
332;6.48;2023-05-26T11:59:44+00:00
335;0.64;2023-07-20T20:56:29+00:00
337;1.02;2023-11-27T13:51:46+00:00
341;5.62;2023-11-13T08:45:18+00:00
342;8.27;2023-09-19T06:34:11+00:00
344;3.67;2023-08-30T12:22:00+00:00
346;4.84;2023-07-22T02:47:38+00:00
347;1.32;2023-08-25T06:12:03+00:00
353;4.77;2023-11-15T09:29:05+00:00
354;1.19;2023-09-28T20:37:53+00:00
359;8.34;2023-05-18T04:22:40+00:00
361;6.68;2023-05-13T20:27:49+00:00
362;2.79;2023-06-25T00:04:53+00:00
363;5.68;2023-09-07T03:03:39+00:00
364;2.45;2023-11-08T14:25:20+00:00
372;1.36;2023-11-20T15:19:34+00:00
378;0.75;2023-07-28T16:11:33+00:00
380;0.6;2023-10-23T11:16:40+00:00
381;2.54;2023-08-14T07:33:42+00:00
392;4.0;2023-06-18T13:12:42+00:00
398;2.19;2023-09-03T02:13:08+00:00
399;0.98;2023-07-01T07:19:50+00:00
401;1.49;2023-06-07T15:28:58+00:00
411;2.23;2023-08-11T19:42:58+00:00
426;2.41;2023-06-13T23:15:24+00:00
428;2.09;2023-09-26T03:25:25+00:00
438;0.8;2023-06-13T19:08:38+00:00
447;6.37;2023-08-22T20:50:06+00:00
451;3.24;2023-05-14T11:09:01+00:00
463;4.4;2023-11-09T23:53:06+00:00
476;6.05;2023-07-26T10:10:17+00:00
478;3.94;2023-06-18T09:27:52+00:00
491;4.44;2023-10-13T01:12:18+00:00
504;6.19;2023-11-28T10:35:26+00:00
514;3.28;2023-11-12T13:41:29+00:00
518;1.54;2023-09-01T09:10:12+00:00
521;6.53;2023-09-12T01:03:31+00:00
524;0.63;2023-10-07T05:41:53+00:00
525;3.26;2023-06-27T20:38:12+00:00
529;8.51;2023-08-15T08:19:41+00:00
533;2.16;2023-09-19T10:13:33+00:00
549;8.48;2023-10-13T00:48:32+00:00
553;1.25;2023-07-23T00:54:18+00:00
559;8.31;2023-06-02T23:44:59+00:00
560;3.03;2023-06-15T11:06:40+00:00
564;2.37;2023-06-23T20:09:33+00:00
571;1.27;2023-08-12T14:23:33+00:00
573;7.24;2023-09-07T10:41:49+00:00
577;3.87;2023-06-24T15:33:43+00:00
582;4.17;2023-09-24T07:28:38+00:00
583;5.8;2023-11-07T14:14:01+00:00
584;1.41;2023-09-04T15:31:01+00:00
588;7.12;2023-09-01T21:19:43+00:00
589;1.16;2023-07-07T02:44:57+00:00
592;2.09;2023-09-24T11:49:15+00:00
613;1.39;2023-07-30T08:30:39+00:00
623;8.17;2023-08-14T23:02:56+00:00
624;5.65;2023-07-27T18:40:29+00:00
625;6.85;2023-08-25T03:50:25+00:00
631;1.14;2023-06-19T12:48:08+00:00
635;5.98;2023-06-09T15:11:53+00:00
637;2.55;2023-09-29T23:02:49+00:00
640;1.81;2023-06-18T20:19:01+00:00
645;1.14;2023-09-26T05:05:52+00:00
647;3.73;2023-10-12T08:09:15+00:00
654;1.43;2023-07-25T08:36:06+00:00
660;4.92;2023-09-05T19:00:30+00:00
665;0.64;2023-10-31T17:43:16+00:00
667;1.7;2023-10-12T16:25:27+00:00
681;7.6;2023-11-29T21:14:34+00:00
691;5.33;2023-07-13T23:37:30+00:00
694;2.92;2023-11-18T11:22:25+00:00
696;2.18;2023-08-09T15:56:06+00:00
698;1.42;2023-10-16T09:26:08+00:00
699;3.13;2023-10-11T11:37:07+00:00
706;1.56;2023-10-11T11:17:15+00:00
710;1.84;2023-07-29T04:48:23+00:00
715;1.25;2023-06-28T10:09:39+00:00
719;2.98;2023-09-25T04:19:49+00:00
732;6.42;2023-09-16T06:06:12+00:00
738;3.51;2023-05-02T14:33:55+00:00
739;1.64;2023-08-11T22:23:26+00:00
742;3.25;2023-11-02T11:13:26+00:00
746;1.53;2023-10-06T22:10:26+00:00
748;2.67;2023-05-18T04:31:15+00:00
754;3.59;2023-06-02T15:19:38+00:00
756;1.0;2023-06-09T06:43:41+00:00
762;3.62;2023-09-06T06:27:06+00:00
764;2.0;2023-11-10T06:46:52+00:00
767;3.9;2023-10-19T18:35:37+00:00
771;0.65;2023-08-01T10:42:51+00:00
776;0.96;2023-08-18T23:58:47+00:00
786;1.37;2023-10-16T05:06:33+00:00
788;4.03;2023-11-29T06:46:44+00:00
790;3.94;2023-08-12T17:39:43+00:00
791;5.92;2023-08-30T01:45:45+00:00
793;3.16;2023-06-05T07:20:28+00:00
794;4.2;2023-11-04T18:39:26+00:00
798;4.46;2023-11-06T07:40:42+00:00
806;3.36;2023-07-12T00:23:41+00:00
811;5.36;2023-05-08T10:57:01+00:00
814;1.07;2023-05-14T04:39:52+00:00
816;1.33;2023-06-13T23:32:34+00:00
821;1.78;2023-10-27T02:12:44+00:00
823;3.41;2023-06-27T05:13:14+00:00
827;4.03;2023-07-18T17:29:47+00:00
830;2.58;2023-08-11T14:40:28+00:00
840;5.35;2023-08-18T16:44:02+00:00
848;3.29;2023-05-07T05:45:22+00:00
857;3.66;2023-08-11T22:48:11+00:00
858;4.15;2023-09-23T04:33:03+00:00
859;4.25;2023-08-30T20:41:16+00:00
860;3.82;2023-10-27T02:46:01+00:00
868;1.58;2023-11-06T10:19:30+00:00
873;3.97;2023-07-16T17:49:21+00:00
874;6.78;2023-06-12T00:05:33+00:00
877;5.78;2023-08-07T15:16:46+00:00
879;1.03;2023-11-28T17:41:00+00:00
885;0.64;2023-10-25T10:57:58+00:00
888;5.98;2023-11-09T05:36:47+00:00
889;1.43;2023-09-22T11:09:04+00:00
891;1.28;2023-11-17T01:23:07+00:00
897;3.1;2023-06-22T01:39:46+00:00
901;1.33;2023-08-17T10:09:09+00:00
902;1.78;2023-10-07T15:15:31+00:00
907;1.19;2023-08-14T06:57:31+00:00
915;1.83;2023-06-17T07:50:27+00:00
921;0.88;2023-09-26T04:38:16+00:00
923;2.49;2023-08-02T08:11:49+00:00
930;1.63;2023-09-16T03:06:10+00:00
943;1.37;2023-06-20T02:43:36+00:00
944;1.52;2023-08-02T07:52:23+00:00
946;1.74;2023-07-22T12:18:57+00:00
948;1.87;2023-09-20T07:09:50+00:00
964;3.41;2023-11-29T17:43:23+00:00
966;5.54;2023-05-22T08:23:00+00:00
967;5.99;2023-06-25T09:49:29+00:00
971;6.83;2023-07-11T21:00:10+00:00
973;5.38;2023-10-13T01:04:45+00:00
974;8.99;2023-07-24T00:19:28+00:00
977;4.5;2023-09-27T23:06:37+00:00
978;0.92;2023-06-16T14:22:02+00:00
980;4.31;2023-06-29T20:32:24+00:00
982;0.66;2023-06-22T05:13:02+00:00
991;1.44;2023-05-22T16:50:59+00:00
993;3.03;2023-06-18T04:07:08+00:00
999;2.21;2023-09-03T03:30:13+00:00
1005;7.58;2023-07-12T22:02:05+00:00
1006;2.98;2023-11-06T12:54:16+00:00
1008;2.23;2023-06-04T10:34:02+00:00
1013;0.77;2023-11-13T16:07:01+00:00
1016;6.78;2023-06-20T10:23:26+00:00
1024;6.89;2023-08-17T01:19:49+00:00
1027;4.5;2023-08-14T22:08:45+00:00
1039;0.38;2023-09-13T10:44:17+00:00
1046;1.02;2023-09-13T17:41:15+00:00
1053;8.24;2023-05-06T22:56:07+00:00
1054;4.61;2023-10-18T22:22:13+00:00
1055;3.33;2023-08-11T09:09:47+00:00
1062;2.1;2023-05-22T02:45:07+00:00
1064;1.89;2023-08-01T07:12:54+00:00
1067;6.33;2023-06-19T04:03:31+00:00
1072;4.88;2023-08-25T05:59:26+00:00
1074;4.4;2023-08-30T01:19:48+00:00
1083;3.41;2023-08-15T08:04:22+00:00
1084;1.5;2023-11-09T22:37:17+00:00
1090;2.12;2023-07-06T10:17:46+00:00
1093;7.77;2023-06-09T10:53:59+00:00
1099;2.2;2023-10-14T17:27:42+00:00
1103;2.7;2023-08-19T22:31:07+00:00
1106;1.54;2023-10-09T06:22:31+00:00
1109;1.53;2023-06-27T05:58:46+00:00
1111;3.2;2023-09-07T06:53:30+00:00
1113;3.98;2023-07-04T00:37:56+00:00
1114;5.29;2023-09-23T06:51:00+00:00
1121;4.3;2023-08-10T12:10:34+00:00
1128;1.02;2023-10-31T13:55:49+00:00
1131;1.31;2023-10-13T11:11:06+00:00
1132;2.45;2023-09-05T12:10:59+00:00
1134;3.48;2023-06-10T00:58:20+00:00
1135;5.87;2023-08-04T18:24:55+00:00
1138;2.12;2023-11-11T05:41:53+00:00
1142;0.74;2023-05-26T09:21:15+00:00
1160;6.93;2023-11-15T00:33:42+00:00
1161;6.16;2023-08-15T09:54:56+00:00
1165;3.21;2023-10-06T16:56:16+00:00
1169;6.81;2023-08-14T15:28:38+00:00
1171;0.89;2023-09-26T03:19:32+00:00
1174;6.32;2023-09-07T20:24:25+00:00
1184;2.86;2023-05-07T14:13:09+00:00
1188;6.35;2023-11-26T00:40:44+00:00
1196;5.78;2023-06-10T14:59:40+00:00
1197;1.76;2023-09-23T15:01:52+00:00
1201;0.47;2023-07-12T18:56:24+00:00
1209;0.71;2023-11-14T23:37:28+00:00
1213;3.26;2023-11-09T15:45:24+00:00
1217;5.38;2023-08-02T23:56:07+00:00
1219;1.8;2023-08-02T07:40:14+00:00
1226;3.52;2023-09-17T22:52:31+00:00
1227;1.8;2023-10-23T00:28:20+00:00
1228;6.09;2023-07-14T15:24:11+00:00
1233;2.46;2023-08-06T15:43:04+00:00
1236;6.14;2023-05-07T20:20:07+00:00
1237;2.28;2023-11-27T08:53:03+00:00
1243;1.48;2023-08-27T12:39:19+00:00
1245;0.43;2023-06-17T04:40:03+00:00
1247;1.35;2023-05-17T16:18:44+00:00
1251;6.63;2023-05-04T20:57:50+00:00
1253;5.81;2023-10-12T03:59:56+00:00
1263;8.83;2023-11-06T08:44:27+00:00
1265;2.65;2023-08-31T20:13:07+00:00
1271;7.77;2023-09-26T08:46:24+00:00
1278;6.22;2023-09-07T07:53:12+00:00
1279;5.81;2023-09-03T13:01:06+00:00
1280;2.97;2023-08-31T23:16:55+00:00
1287;1.72;2023-08-10T16:13:21+00:00
1294;0.66;2023-11-27T07:37:02+00:00
1296;1.19;2023-05-31T11:56:05+00:00
1297;4.26;2023-08-22T11:57:39+00:00
1302;1.1;2023-07-05T14:27:50+00:00
1304;3.5;2023-11-01T05:34:18+00:00
1308;2.9;2023-05-07T20:25:47+00:00
1312;1.69;2023-08-22T12:28:51+00:00
1314;1.27;2023-08-08T07:17:56+00:00
1320;2.16;2023-10-30T01:58:55+00:00
1325;6.24;2023-06-18T12:01:46+00:00
1334;1.64;2023-09-13T11:15:02+00:00
1343;3.25;2023-08-15T01:53:47+00:00
1345;3.76;2023-06-29T06:43:25+00:00
1360;1.26;2023-09-19T21:30:52+00:00
1366;0.35;2023-09-11T05:50:47+00:00
1367;1.28;2023-05-12T15:50:30+00:00
1370;2.04;2023-09-18T00:16:33+00:00
1371;5.42;2023-08-22T17:21:14+00:00
1376;3.46;2023-06-17T12:55:51+00:00
1377;0.68;2023-09-22T17:02:18+00:00
1380;4.23;2023-09-17T08:27:34+00:00
1383;2.04;2023-06-26T09:00:24+00:00
1384;4.16;2023-05-11T04:08:32+00:00
1389;0.75;2023-08-09T12:30:11+00:00
1391;2.17;2023-06-01T07:01:56+00:00
1404;0.73;2023-08-15T07:05:22+00:00
1405;1.43;2023-11-30T07:07:03+00:00
1408;6.23;2023-09-23T07:14:35+00:00
1409;5.61;2023-11-17T18:33:21+00:00
1410;8.71;2023-10-20T04:21:00+00:00
1412;1.27;2023-11-27T07:36:58+00:00
1415;3.18;2023-08-02T15:45:51+00:00
1419;1.95;2023-09-30T02:02:22+00:00
1422;1.27;2023-11-24T22:21:23+00:00
1424;7.9;2023-08-15T20:03:54+00:00
1426;2.0;2023-09-08T04:13:28+00:00
1429;3.19;2023-05-07T21:32:36+00:00
1432;0.59;2023-09-03T14:14:40+00:00
1436;8.72;2023-11-26T14:24:44+00:00
1438;6.17;2023-05-17T03:34:38+00:00
1439;2.77;2023-08-14T12:59:53+00:00
1445;7.41;2023-09-14T04:06:19+00:00
1448;0.63;2023-08-20T22:39:21+00:00
1467;5.17;2023-07-07T04:15:01+00:00
1469;2.28;2023-07-23T19:00:34+00:00
1473;5.6;2023-08-15T19:33:24+00:00
1476;1.16;2023-10-09T18:58:19+00:00
1479;3.55;2023-10-20T14:00:12+00:00
1483;0.58;2023-11-19T18:35:02+00:00
1484;7.72;2023-08-12T12:50:21+00:00
1488;4.96;2023-11-30T18:54:34+00:00
1490;4.52;2023-06-11T00:00:40+00:00
1497;6.7;2023-11-16T13:56:47+00:00
1498;7.03;2023-09-11T02:58:38+00:00
1505;3.17;2023-10-03T04:19:02+00:00
1512;3.19;2023-09-06T10:47:50+00:00
1515;1.76;2023-11-25T18:18:48+00:00
1522;5.76;2023-10-31T12:48:07+00:00
1523;1.99;2023-08-02T07:34:38+00:00
1539;6.37;2023-06-01T21:37:54+00:00
1543;2.42;2023-09-28T06:29:07+00:00
1545;3.86;2023-05-16T04:44:13+00:00
1548;2.04;2023-08-30T16:12:09+00:00
1558;3.78;2023-09-15T23:50:46+00:00
1561;1.89;2023-07-12T15:22:33+00:00
1573;1.33;2023-06-12T17:04:41+00:00
1584;1.74;2023-07-19T18:50:21+00:00
1585;0.78;2023-05-21T16:33:30+00:00
1586;1.94;2023-07-07T00:08:36+00:00
1590;0.39;2023-10-06T12:06:41+00:00
1596;3.25;2023-08-26T02:45:02+00:00
1603;1.59;2023-07-06T22:21:21+00:00
1613;2.49;2023-11-28T10:47:04+00:00
1638;2.64;2023-06-21T04:48:22+00:00
1639;6.62;2023-08-19T15:46:27+00:00
1645;0.84;2023-06-21T07:46:01+00:00
1646;4.38;2023-11-21T00:41:51+00:00
1648;5.74;2023-07-15T18:15:18+00:00
1655;1.44;2023-10-03T12:55:52+00:00
1656;1.91;2023-06-19T22:42:28+00:00
1660;5.36;2023-05-08T08:08:59+00:00
1662;2.8;2023-10-23T02:13:32+00:00
1665;0.72;2023-09-04T22:14:28+00:00
1673;3.19;2023-05-09T11:29:28+00:00
1674;0.99;2023-06-07T09:48:46+00:00
1680;1.86;2023-06-11T23:23:40+00:00
1684;1.1;2023-10-31T16:40:49+00:00
1689;1.9;2023-06-07T05:51:12+00:00
1690;1.58;2023-05-08T06:20:11+00:00
1691;3.55;2023-09-12T23:03:13+00:00
1692;0.98;2023-06-01T02:43:14+00:00
1695;5.87;2023-10-27T03:29:19+00:00
1703;5.71;2023-11-03T22:17:44+00:00
1704;2.3;2023-06-26T15:29:13+00:00
1710;3.56;2023-11-06T15:26:07+00:00
1712;1.19;2023-06-01T04:32:41+00:00
1716;0.6;2023-05-21T23:13:59+00:00
1721;5.5;2023-11-13T09:08:04+00:00
1727;1.45;2023-11-17T22:06:34+00:00
1728;2.48;2023-10-09T10:23:16+00:00
1741;1.18;2023-05-21T00:27:14+00:00
1746;1.52;2023-09-01T01:37:35+00:00
1747;0.58;2023-08-07T02:05:05+00:00
1748;2.35;2023-06-06T00:43:39+00:00
1754;4.42;2023-10-02T12:29:39+00:00
1763;7.11;2023-05-10T05:31:05+00:00
1764;3.05;2023-08-13T17:05:49+00:00
1772;1.87;2023-11-20T19:10:53+00:00
1779;6.34;2023-07-30T09:46:21+00:00
1784;6.67;2023-06-27T00:56:00+00:00
1794;3.99;2023-05-15T17:01:40+00:00
1798;4.56;2023-08-17T07:36:03+00:00
1804;1.97;2023-06-21T03:36:11+00:00
1806;6.83;2023-06-08T08:21:50+00:00
1822;1.2;2023-06-01T05:29:25+00:00
1823;1.31;2023-05-15T19:32:27+00:00
1826;5.3;2023-09-07T13:51:17+00:00
1828;6.82;2023-10-03T21:29:07+00:00
1829;1.06;2023-10-27T21:46:42+00:00
1833;4.01;2023-06-17T15:18:10+00:00
1834;5.26;2023-05-27T02:28:32+00:00
1837;2.87;2023-10-19T14:06:38+00:00
1847;2.6;2023-09-05T20:30:16+00:00
1848;2.4;2023-10-15T12:51:24+00:00
1854;2.7;2023-10-11T01:07:41+00:00
1858;5.95;2023-10-15T13:13:49+00:00
1862;2.48;2023-07-22T23:48:43+00:00
1864;3.52;2023-09-28T23:36:27+00:00
1866;4.11;2023-09-15T07:44:46+00:00
1876;8.89;2023-10-04T17:29:52+00:00
1881;2.49;2023-06-07T09:08:55+00:00
1882;1.67;2023-05-26T03:03:05+00:00
1884;2.14;2023-11-13T21:47:44+00:00
1885;0.76;2023-07-04T00:36:58+00:00
1886;2.42;2023-08-16T07:49:46+00:00
1889;1.78;2023-07-23T00:55:33+00:00
1897;2.1;2023-06-27T07:11:53+00:00
1910;3.73;2023-05-13T00:51:49+00:00
1911;4.45;2023-10-20T15:51:46+00:00
1917;5.86;2023-11-01T18:15:26+00:00
1931;0.49;2023-06-22T16:08:46+00:00
1940;3.16;2023-10-09T13:29:57+00:00
1948;2.95;2023-06-14T16:03:17+00:00
1951;2.89;2023-05-26T22:03:26+00:00
1959;2.02;2023-05-22T04:09:46+00:00
1961;2.92;2023-08-18T11:08:56+00:00
1966;1.03;2023-07-24T11:00:40+00:00
1969;0.68;2023-07-14T14:49:51+00:00
1972;5.65;2023-07-26T12:17:16+00:00
1976;2.17;2023-11-23T09:13:05+00:00
1981;2.36;2023-09-07T10:57:29+00:00
1983;3.8;2023-09-19T10:33:27+00:00
1984;1.87;2023-08-16T15:01:04+00:00
1987;4.83;2023-11-02T22:43:48+00:00
1991;1.41;2023-07-26T05:35:11+00:00
1994;0.91;2023-11-14T04:49:28+00:00
1998;5.46;2023-11-17T20:04:57+00:00
2003;1.86;2023-06-20T03:59:56+00:00
2006;4.71;2023-05-08T23:02:16+00:00
2009;5.71;2023-05-01T01:30:03+00:00
2010;0.71;2023-11-13T06:49:44+00:00
2013;0.96;2023-11-13T22:21:47+00:00
2015;1.18;2023-08-03T06:06:15+00:00
2016;2.03;2023-05-27T23:33:42+00:00
2020;3.19;2023-05-25T03:13:39+00:00
2022;1.8;2023-05-28T06:24:49+00:00
2025;5.08;2023-07-21T21:11:29+00:00
2029;2.23;2023-09-09T02:40:56+00:00
2032;6.47;2023-09-25T18:40:38+00:00
2035;4.52;2023-10-21T15:32:57+00:00
2040;2.55;2023-11-17T00:11:36+00:00
2041;3.99;2023-11-19T15:54:31+00:00
2042;1.31;2023-10-03T04:25:21+00:00
2043;3.73;2023-05-23T01:44:27+00:00
2045;0.91;2023-08-14T23:14:31+00:00
2046;1.21;2023-10-24T05:57:06+00:00
2054;3.45;2023-09-13T22:04:21+00:00
2055;6.46;2023-09-16T05:21:21+00:00
2061;3.53;2023-10-25T08:12:50+00:00
2063;0.92;2023-08-10T06:21:18+00:00
2064;6.06;2023-10-24T10:28:46+00:00
2067;0.63;2023-05-15T01:44:19+00:00
2069;6.32;2023-09-16T03:04:51+00:00
2072;0.75;2023-10-07T03:48:36+00:00
2073;3.31;2023-11-15T11:27:17+00:00
2074;5.17;2023-11-07T18:33:09+00:00
2085;3.62;2023-07-02T21:19:37+00:00
2086;0.57;2023-07-28T01:44:46+00:00
2091;1.57;2023-07-05T08:02:05+00:00
2094;0.83;2023-06-09T21:55:37+00:00
2095;0.79;2023-05-20T17:28:37+00:00
2096;5.36;2023-09-21T14:23:13+00:00
2110;2.13;2023-10-12T19:05:54+00:00
2122;1.57;2023-05-18T10:38:33+00:00
2126;2.27;2023-05-06T15:24:50+00:00
2134;1.47;2023-11-04T10:06:37+00:00
2135;4.96;2023-08-06T10:31:44+00:00
2143;1.62;2023-08-07T01:23:26+00:00
2144;1.32;2023-09-30T18:44:26+00:00
2149;8.74;2023-07-27T19:42:59+00:00
2151;2.04;2023-05-23T00:21:21+00:00
2157;0.8;2023-08-29T01:29:09+00:00
2158;2.95;2023-11-29T20:35:19+00:00
2161;0.91;2023-10-05T17:10:44+00:00
2163;0.36;2023-07-25T20:22:50+00:00
2165;0.79;2023-05-01T10:50:37+00:00
2171;4.57;2023-06-02T09:31:51+00:00
2177;2.36;2023-08-24T07:26:41+00:00
2180;0.67;2023-08-10T17:10:29+00:00
2182;2.54;2023-11-11T21:13:58+00:00
2186;1.92;2023-07-23T08:08:41+00:00
2194;2.1;2023-11-23T19:52:45+00:00
2195;4.04;2023-10-03T09:28:32+00:00
2200;1.17;2023-07-21T05:07:50+00:00
2201;3.72;2023-07-04T12:23:55+00:00
2210;2.96;2023-06-21T01:33:44+00:00
2218;3.03;2023-09-25T20:46:41+00:00
2221;0.64;2023-09-15T05:57:34+00:00
2227;1.89;2023-11-01T20:54:18+00:00
2228;5.64;2023-10-04T11:09:41+00:00
2238;2.9;2023-07-16T13:40:05+00:00
2241;5.69;2023-07-31T03:12:52+00:00
2242;1.78;2023-05-12T08:57:48+00:00
2244;1.57;2023-07-27T09:39:04+00:00
2250;6.97;2023-09-14T17:29:42+00:00
2253;0.79;2023-06-13T20:05:21+00:00
2255;2.55;2023-05-08T19:50:04+00:00
2258;5.68;2023-08-05T22:56:53+00:00
2262;4.13;2023-05-08T23:28:01+00:00
2274;2.92;2023-09-27T15:17:24+00:00
2275;0.85;2023-05-27T06:43:40+00:00
2277;1.34;2023-07-14T05:35:58+00:00
2278;5.39;2023-07-31T20:01:26+00:00
2279;2.26;2023-06-04T13:20:47+00:00
2282;1.42;2023-06-22T00:16:48+00:00
2285;1.93;2023-09-17T17:15:36+00:00
2291;1.14;2023-08-16T09:50:19+00:00
2298;4.83;2023-11-11T11:42:17+00:00
2299;1.3;2023-07-09T01:39:16+00:00
2301;6.58;2023-05-08T22:51:03+00:00
2320;4.32;2023-07-17T05:52:39+00:00
2324;2.56;2023-08-09T01:57:19+00:00
2325;7.82;2023-10-29T15:05:50+00:00
2327;5.37;2023-05-09T10:56:40+00:00
2330;1.25;2023-05-28T09:56:20+00:00
2340;1.39;2023-10-01T17:29:40+00:00
2346;4.65;2023-09-19T02:33:44+00:00
2349;1.94;2023-11-24T17:17:57+00:00
2351;1.55;2023-11-27T02:04:30+00:00
2357;5.51;2023-06-04T11:49:05+00:00
2360;1.91;2023-08-30T11:22:23+00:00
2363;5.97;2023-08-14T20:32:34+00:00
2370;1.63;2023-11-24T03:17:18+00:00
2372;2.41;2023-09-16T06:26:02+00:00
2375;0.68;2023-05-18T01:11:59+00:00
2379;6.14;2023-06-20T19:05:08+00:00
2382;0.56;2023-06-18T13:24:05+00:00
2387;1.01;2023-08-02T01:39:53+00:00
2389;5.88;2023-07-14T23:23:58+00:00
2392;1.67;2023-08-14T11:28:54+00:00
2396;1.89;2023-06-06T09:34:47+00:00
2410;0.5;2023-09-18T23:32:11+00:00
2419;1.26;2023-09-09T01:20:39+00:00
2428;3.52;2023-06-06T16:21:12+00:00
2434;1.57;2023-06-06T16:25:22+00:00
2436;0.92;2023-11-28T15:40:04+00:00
2438;4.07;2023-08-28T15:41:20+00:00
2439;2.58;2023-08-11T20:18:36+00:00
2461;8.18;2023-10-09T01:07:38+00:00
2472;0.91;2023-07-27T14:28:03+00:00
2476;1.39;2023-06-25T12:13:45+00:00
2477;2.24;2023-11-26T14:44:12+00:00
2484;6.08;2023-08-19T17:14:03+00:00
2488;0.39;2023-07-22T15:46:10+00:00
2492;5.74;2023-09-12T06:02:04+00:00
2493;0.97;2023-10-17T19:04:02+00:00
2494;1.25;2023-06-25T06:35:59+00:00
2498;2.81;2023-08-24T12:41:30+00:00
2500;1.53;2023-07-26T22:59:45+00:00
2506;4.33;2023-07-07T19:04:49+00:00
2523;1.4;2023-05-12T19:30:09+00:00
2525;4.06;2023-09-03T18:59:07+00:00
2530;1.22;2023-07-04T08:24:39+00:00
2540;1.77;2023-08-22T16:02:54+00:00
2554;0.86;2023-11-22T03:32:09+00:00
2556;1.55;2023-11-06T04:04:09+00:00
2566;0.77;2023-09-06T01:34:56+00:00
2567;6.55;2023-09-28T04:35:20+00:00
2571;3.65;2023-05-03T11:57:13+00:00
2577;4.09;2023-06-18T00:16:01+00:00
2581;1.89;2023-06-16T20:10:23+00:00
2593;0.73;2023-06-17T06:17:41+00:00
2601;1.8;2023-09-06T17:56:21+00:00
2603;2.75;2023-08-05T20:42:48+00:00
2625;0.47;2023-09-20T22:50:16+00:00
2631;1.88;2023-09-04T20:06:25+00:00
2633;2.06;2023-11-23T22:49:17+00:00
2641;6.85;2023-11-17T21:57:03+00:00
2646;6.09;2023-08-08T13:22:03+00:00
2650;0.66;2023-10-08T05:52:52+00:00
2654;0.46;2023-10-22T01:26:54+00:00
2664;1.26;2023-09-29T20:52:45+00:00
2668;6.25;2023-06-04T04:29:42+00:00
2669;0.31;2023-10-06T14:21:45+00:00
2673;6.95;2023-10-25T09:05:02+00:00
2683;1.81;2023-05-21T13:06:33+00:00
2695;6.68;2023-11-25T07:21:14+00:00
2696;1.62;2023-11-21T13:33:13+00:00
2697;1.86;2023-08-01T21:05:15+00:00
2699;6.86;2023-09-06T04:06:20+00:00
2704;0.32;2023-09-26T22:31:00+00:00
2705;4.19;2023-07-07T18:45:14+00:00
2706;1.19;2023-08-03T11:49:20+00:00
2711;2.88;2023-10-16T07:51:09+00:00
2712;1.87;2023-08-16T17:10:06+00:00
2726;4.52;2023-08-02T14:44:42+00:00
2733;0.35;2023-06-27T03:06:50+00:00
2737;3.92;2023-05-03T20:03:39+00:00
2739;7.14;2023-07-29T03:36:41+00:00
2747;6.44;2023-06-28T18:36:00+00:00
2750;4.71;2023-07-01T12:51:16+00:00
2751;8.36;2023-07-01T21:23:32+00:00
2766;1.85;2023-05-03T15:50:12+00:00
2767;9.1;2023-05-25T09:13:39+00:00
2770;1.99;2023-05-24T11:09:52+00:00
2772;5.47;2023-09-07T12:17:10+00:00
2773;0.92;2023-09-11T21:42:32+00:00
2789;2.12;2023-10-16T14:59:06+00:00
2793;3.3;2023-09-05T23:55:01+00:00
2796;4.9;2023-09-25T00:44:51+00:00
2799;2.9;2023-09-27T19:29:07+00:00
2800;2.21;2023-06-22T00:31:34+00:00
2805;2.88;2023-12-01T06:52:55+00:00
2806;0.99;2023-09-13T16:59:10+00:00
2807;6.47;2023-10-05T16:29:27+00:00
2810;6.1;2023-08-09T14:50:10+00:00
2814;0.97;2023-06-20T13:28:12+00:00
2823;4.74;2023-05-13T17:11:57+00:00
2825;3.41;2023-10-15T10:55:51+00:00
2829;1.88;2023-07-22T03:56:21+00:00
2830;8.49;2023-06-26T20:40:35+00:00
2832;0.39;2023-06-08T04:07:11+00:00
2836;6.69;2023-10-17T11:47:09+00:00
2837;7.73;2023-06-21T05:00:52+00:00
2839;2.33;2023-07-26T23:09:46+00:00
2844;0.96;2023-05-04T23:21:35+00:00
2855;0.94;2023-05-14T21:30:53+00:00
2856;9.14;2023-05-03T04:13:44+00:00
2858;3.07;2023-08-03T16:50:46+00:00
2864;3.5;2023-08-30T12:22:31+00:00
2868;5.84;2023-08-09T05:29:39+00:00
2872;6.04;2023-11-14T23:19:47+00:00
2878;3.39;2023-07-31T00:31:54+00:00
2879;4.32;2023-06-11T00:51:54+00:00
2881;2.21;2023-10-31T19:58:46+00:00
2884;2.03;2023-05-30T10:57:56+00:00
2885;0.9;2023-11-27T10:41:10+00:00
2893;0.59;2023-11-27T10:38:12+00:00
2900;4.51;2023-08-25T19:05:39+00:00
2903;5.73;2023-11-30T14:24:37+00:00
2911;1.5;2023-05-03T10:58:56+00:00
2914;4.55;2023-10-25T09:05:55+00:00
2921;2.15;2023-08-18T12:42:37+00:00
2922;4.44;2023-08-04T10:55:19+00:00
2927;2.2;2023-09-07T20:16:38+00:00
2936;1.9;2023-09-08T12:49:44+00:00
2938;0.73;2023-11-17T21:52:03+00:00
2943;3.16;2023-06-26T13:27:54+00:00
2949;1.75;2023-11-05T04:10:44+00:00
2956;1.42;2023-05-01T14:37:38+00:00
2957;3.85;2023-05-02T05:29:39+00:00
2962;2.71;2023-05-25T06:09:10+00:00
2964;2.02;2023-06-13T21:17:40+00:00
2981;1.82;2023-07-12T07:11:58+00:00
2985;2.88;2023-10-19T21:52:14+00:00
2987;1.36;2023-07-21T02:41:46+00:00
2988;1.23;2023-05-28T10:21:08+00:00
2989;7.12;2023-06-07T14:07:25+00:00
2991;1.22;2023-07-07T12:44:01+00:00
2997;5.27;2023-05-15T09:07:29+00:00
3004;1.66;2023-07-23T19:08:10+00:00
3009;4.15;2023-07-07T03:44:47+00:00
3015;5.33;2023-07-20T08:12:55+00:00
3020;2.6;2023-08-16T18:09:06+00:00
3032;0.64;2023-10-30T22:43:25+00:00
3033;3.18;2023-06-01T09:14:15+00:00
3034;0.91;2023-09-23T14:41:26+00:00
3050;1.97;2023-06-13T13:42:37+00:00
3061;8.55;2023-11-25T14:48:27+00:00
3068;4.92;2023-10-26T10:32:12+00:00
3069;0.76;2023-07-08T05:41:37+00:00
3073;1.75;2023-11-29T10:03:49+00:00
3077;0.81;2023-11-29T02:08:59+00:00
3080;3.1;2023-06-15T18:44:31+00:00
3086;1.21;2023-08-08T23:20:53+00:00
3087;0.82;2023-11-17T12:58:54+00:00
3088;3.95;2023-10-12T15:15:12+00:00
3089;1.53;2023-10-09T07:57:46+00:00
3092;2.48;2023-08-11T11:45:26+00:00
3094;7.57;2023-06-10T22:01:58+00:00
3095;1.14;2023-08-14T03:44:13+00:00
3100;1.09;2023-08-21T15:27:23+00:00
3101;1.58;2023-05-01T03:48:22+00:00
3103;4.18;2023-07-15T04:29:34+00:00
3107;1.66;2023-05-10T00:33:39+00:00
3109;1.08;2023-09-30T15:35:08+00:00
3113;1.59;2023-05-26T17:38:25+00:00
3116;2.23;2023-06-07T20:09:20+00:00
3122;5.73;2023-05-23T03:48:31+00:00
3127;5.69;2023-10-20T22:45:31+00:00
3128;4.41;2023-06-17T23:32:11+00:00
3131;0.55;2023-09-04T13:41:22+00:00
3132;2.26;2023-11-26T14:45:12+00:00
3135;0.97;2023-11-23T23:12:15+00:00
3137;4.35;2023-08-20T00:12:58+00:00
3149;5.62;2023-09-16T22:50:01+00:00
3163;2.31;2023-05-19T10:29:40+00:00
3167;2.68;2023-10-30T04:18:01+00:00
3168;1.09;2023-08-11T05:16:48+00:00
3170;5.58;2023-11-02T13:37:31+00:00
3175;5.71;2023-09-02T11:58:03+00:00
3181;0.59;2023-11-09T01:03:50+00:00
3182;0.71;2023-10-22T19:45:55+00:00
3187;3.96;2023-09-08T05:46:05+00:00
3192;1.69;2023-10-22T15:05:28+00:00
3195;1.97;2023-05-30T01:59:54+00:00
3201;0.75;2023-07-15T04:54:52+00:00
3204;0.59;2023-08-07T13:18:41+00:00
3206;4.17;2023-08-16T15:24:48+00:00
3216;5.34;2023-05-07T09:18:37+00:00
3253;3.27;2023-08-18T12:38:45+00:00
3254;0.84;2023-08-11T13:44:34+00:00
3255;3.06;2023-10-04T05:49:04+00:00
3257;3.03;2023-09-06T08:04:36+00:00
3258;4.96;2023-10-12T10:11:38+00:00
3266;2.24;2023-05-27T00:21:09+00:00
3271;3.19;2023-11-25T06:57:02+00:00
3273;5.98;2023-11-09T23:57:45+00:00
3280;1.58;2023-11-25T07:32:49+00:00
3282;3.9;2023-11-12T06:18:28+00:00
3291;3.25;2023-10-02T12:49:41+00:00
3292;6.7;2023-10-22T05:30:39+00:00
3302;0.62;2023-10-29T08:56:47+00:00
3303;6.1;2023-06-12T14:11:11+00:00
3306;0.78;2023-06-28T11:38:07+00:00
3311;4.41;2023-06-06T20:31:14+00:00
3313;2.15;2023-08-07T05:23:08+00:00
3315;3.09;2023-05-22T07:03:56+00:00
3322;5.6;2023-11-04T22:40:25+00:00
3325;1.1;2023-10-13T03:47:53+00:00
3329;1.28;2023-09-04T14:15:03+00:00
3339;4.07;2023-10-15T03:51:26+00:00
3341;0.66;2023-05-06T07:21:32+00:00
3357;0.8;2023-08-05T08:30:10+00:00
3365;3.71;2023-06-20T12:04:53+00:00
3367;8.57;2023-09-08T17:32:59+00:00
3371;8.88;2023-11-30T21:07:39+00:00
3372;2.58;2023-06-18T16:08:03+00:00
3386;2.13;2023-11-10T13:12:12+00:00
3387;3.0;2023-06-30T06:46:38+00:00
3390;2.57;2023-09-19T03:06:04+00:00
3391;5.06;2023-11-05T06:34:18+00:00
3397;3.46;2023-08-26T17:16:40+00:00
3403;1.27;2023-08-15T21:58:40+00:00
3404;5.62;2023-10-11T15:01:04+00:00
3405;2.82;2023-09-27T14:00:37+00:00
3432;1.78;2023-10-05T00:24:37+00:00
3440;2.21;2023-10-24T09:50:22+00:00
3441;1.15;2023-11-13T00:43:06+00:00
3442;4.42;2023-08-27T12:00:11+00:00
3449;4.49;2023-06-14T06:28:29+00:00
3455;1.2;2023-10-13T10:33:18+00:00
3472;2.77;2023-11-23T17:59:03+00:00
3475;2.78;2023-11-27T21:38:56+00:00
3481;1.22;2023-08-16T04:48:23+00:00
3482;1.01;2023-05-19T14:10:03+00:00
3486;1.62;2023-09-24T13:18:50+00:00
3491;3.07;2023-09-10T03:06:41+00:00
3492;5.93;2023-05-22T23:21:49+00:00
3501;1.64;2023-05-07T14:08:09+00:00
3523;3.35;2023-05-24T13:51:03+00:00
3526;0.68;2023-06-16T13:18:15+00:00
3527;4.18;2023-07-27T23:06:01+00:00
3529;3.68;2023-10-12T09:29:02+00:00
3536;8.68;2023-06-09T01:44:55+00:00
3549;1.4;2023-06-14T08:32:48+00:00
3553;4.37;2023-10-26T05:46:22+00:00
3586;2.16;2023-07-07T22:27:36+00:00
3589;5.42;2023-05-15T08:57:29+00:00
3590;1.7;2023-09-03T01:07:45+00:00
3594;3.84;2023-11-01T05:17:17+00:00
3604;4.4;2023-11-15T20:19:59+00:00
3605;3.56;2023-06-22T08:54:13+00:00
3607;2.27;2023-10-19T08:44:20+00:00
3608;2.65;2023-07-23T07:34:34+00:00
3612;2.27;2023-08-19T13:13:29+00:00
3615;9.14;2023-08-03T05:26:28+00:00
3636;7.52;2023-08-26T13:44:58+00:00
3639;1.39;2023-06-13T23:44:44+00:00
3644;1.07;2023-07-06T02:25:38+00:00
3652;6.04;2023-10-07T00:15:41+00:00
3653;1.06;2023-11-14T21:37:44+00:00
3656;6.46;2023-10-24T11:32:16+00:00
3661;1.53;2023-07-29T18:32:38+00:00
3663;1.77;2023-11-18T06:50:21+00:00
3673;7.01;2023-11-27T03:21:27+00:00
3685;0.78;2023-10-13T23:05:22+00:00
3693;3.11;2023-09-02T09:08:49+00:00
3694;1.42;2023-09-19T00:45:29+00:00
3699;4.98;2023-09-29T16:52:08+00:00
3702;2.27;2023-08-25T12:20:28+00:00
3708;8.16;2023-10-04T01:42:38+00:00
3711;1.26;2023-07-06T21:51:35+00:00
3712;3.0;2023-09-17T02:20:19+00:00
3714;1.52;2023-05-28T20:27:44+00:00
3717;1.84;2023-06-23T13:53:22+00:00
3719;2.29;2023-06-06T06:55:17+00:00
3722;3.32;2023-05-08T10:06:20+00:00
3726;1.07;2023-11-27T11:24:57+00:00
3727;3.5;2023-10-17T19:30:45+00:00
3731;2.14;2023-06-06T04:38:19+00:00
3733;6.13;2023-08-05T15:33:42+00:00
3740;1.58;2023-06-15T18:24:54+00:00
3744;5.74;2023-05-02T18:55:09+00:00
3745;6.51;2023-09-21T14:34:58+00:00
3748;1.72;2023-05-30T23:59:51+00:00
3752;2.4;2023-11-06T19:57:14+00:00
3758;0.32;2023-05-06T11:47:15+00:00
3764;1.84;2023-11-02T04:58:09+00:00
3768;2.77;2023-06-19T01:42:06+00:00
3788;6.51;2023-08-27T21:40:59+00:00
3793;7.05;2023-10-06T11:05:54+00:00
3797;1.64;2023-07-02T07:33:23+00:00
3801;8.06;2023-09-09T16:45:49+00:00
3805;2.88;2023-10-23T04:36:54+00:00
3810;0.46;2023-06-05T06:41:12+00:00
3811;2.5;2023-11-17T00:47:17+00:00
3812;5.67;2023-09-08T07:34:28+00:00
3816;0.94;2023-11-18T14:03:46+00:00
3817;1.59;2023-06-26T19:05:04+00:00
3820;1.96;2023-05-09T19:20:18+00:00
3823;6.79;2023-08-27T01:32:06+00:00
3824;3.26;2023-06-30T13:47:41+00:00
3825;2.23;2023-07-02T15:56:15+00:00
3833;4.2;2023-10-14T08:56:37+00:00
3838;6.0;2023-09-29T15:30:23+00:00
3841;0.35;2023-11-27T23:38:27+00:00
3844;6.67;2023-11-15T04:40:57+00:00
3850;1.74;2023-07-04T14:56:56+00:00
3851;6.75;2023-07-23T02:50:55+00:00
3852;5.07;2023-10-02T13:40:43+00:00
3854;8.64;2023-06-09T16:29:51+00:00
3855;3.35;2023-08-30T06:16:18+00:00
3856;3.76;2023-06-05T00:24:41+00:00
3864;0.32;2023-09-06T21:20:03+00:00
3872;1.12;2023-09-16T21:52:38+00:00
3877;1.83;2023-06-28T23:46:48+00:00
3878;3.32;2023-09-10T20:56:47+00:00
3882;1.71;2023-06-02T23:35:34+00:00
3883;1.25;2023-07-25T09:15:42+00:00
3887;3.15;2023-05-25T21:41:07+00:00
3890;7.04;2023-10-20T06:49:38+00:00
3891;5.76;2023-07-18T05:07:49+00:00
3893;2.71;2023-10-02T00:12:07+00:00
3894;2.21;2023-11-27T03:35:19+00:00
3900;1.69;2023-10-11T16:33:36+00:00
3901;2.01;2023-12-01T23:58:32+00:00
3902;1.61;2023-06-01T09:13:45+00:00
3904;4.56;2023-06-20T12:19:59+00:00
3906;3.39;2023-10-01T00:14:55+00:00
3910;3.3;2023-05-22T22:20:47+00:00
3911;1.35;2023-07-17T09:06:49+00:00
3912;0.77;2023-10-12T06:01:33+00:00
3914;1.68;2023-08-22T17:13:26+00:00
3917;1.34;2023-07-06T09:26:31+00:00
3920;0.55;2023-11-01T04:38:56+00:00
3922;1.34;2023-07-24T05:57:14+00:00
3927;2.18;2023-09-28T19:28:18+00:00
3929;1.29;2023-11-05T13:29:35+00:00
3930;3.35;2023-08-29T17:43:25+00:00
3934;1.33;2023-06-10T08:20:46+00:00
3937;1.38;2023-08-20T07:35:27+00:00
3941;2.66;2023-11-24T01:56:29+00:00
3945;3.22;2023-09-24T22:32:46+00:00
3951;7.36;2023-05-22T00:34:43+00:00
3954;1.69;2023-10-22T01:33:59+00:00
3955;1.22;2023-09-06T20:49:28+00:00
3960;1.0;2023-07-31T09:18:49+00:00
3969;1.81;2023-08-08T06:14:05+00:00
3984;2.04;2023-09-22T23:31:05+00:00
3986;1.96;2023-10-04T14:25:12+00:00
3987;1.13;2023-11-19T16:18:10+00:00
3993;1.3;2023-05-04T09:08:21+00:00
3997;3.3;2023-10-31T07:36:31+00:00
4002;5.04;2023-10-05T14:26:25+00:00
4014;1.87;2023-10-14T11:01:53+00:00
4019;2.86;2023-07-13T05:59:45+00:00
4028;5.34;2023-05-22T12:42:04+00:00
4036;1.51;2023-09-01T22:29:11+00:00
4043;2.71;2023-09-25T11:51:30+00:00
4044;3.02;2023-09-15T23:47:58+00:00
4052;3.39;2023-10-02T16:15:19+00:00
4053;3.11;2023-11-15T14:42:00+00:00
4055;4.45;2023-05-26T07:50:59+00:00
4056;3.64;2023-09-28T19:14:14+00:00
4058;3.31;2023-08-09T09:27:22+00:00
4059;2.24;2023-09-06T18:25:05+00:00
4060;0.94;2023-07-12T17:57:57+00:00
4064;6.22;2023-09-13T16:21:03+00:00
4073;3.85;2023-05-06T14:59:38+00:00
4085;1.44;2023-07-06T02:34:38+00:00
4086;1.54;2023-06-14T23:18:31+00:00
4087;3.29;2023-06-12T08:50:27+00:00
4094;0.87;2023-10-09T07:27:57+00:00
4098;2.16;2023-11-27T13:22:34+00:00
4099;2.2;2023-06-22T13:00:40+00:00
4100;9.02;2023-07-17T19:20:16+00:00
4101;1.25;2023-07-28T15:33:00+00:00
4105;0.3;2023-09-08T00:32:20+00:00
4106;1.76;2023-06-25T10:34:00+00:00
4111;5.44;2023-05-24T09:04:59+00:00
4121;1.16;2023-05-01T23:54:58+00:00
4122;5.93;2023-06-13T12:54:22+00:00
4126;0.74;2023-05-25T16:02:25+00:00
4129;5.4;2023-06-17T17:13:46+00:00
4130;5.58;2023-10-07T01:15:56+00:00
4131;2.1;2023-09-17T16:46:50+00:00
4135;2.36;2023-11-05T04:55:35+00:00
4136;1.68;2023-11-17T05:58:55+00:00
4137;0.36;2023-05-05T15:51:38+00:00
4138;1.51;2023-11-22T06:33:45+00:00
4157;0.82;2023-10-26T03:50:13+00:00
4159;2.08;2023-10-05T13:08:55+00:00
4161;1.87;2023-09-05T00:25:55+00:00
4177;3.67;2023-09-28T22:26:26+00:00
4178;3.49;2023-06-26T23:53:30+00:00
4180;4.78;2023-09-20T01:26:20+00:00
4181;4.54;2023-06-05T18:10:06+00:00
4187;2.23;2023-05-31T03:30:42+00:00
4193;0.54;2023-10-29T22:42:51+00:00
4197;4.5;2023-08-16T14:59:50+00:00
4200;3.69;2023-09-20T09:42:00+00:00
4202;1.8;2023-08-26T16:15:20+00:00
4207;6.02;2023-05-04T21:20:50+00:00
4231;6.44;2023-11-04T13:46:52+00:00
4235;1.45;2023-05-21T21:39:56+00:00
4244;0.36;2023-11-20T14:22:30+00:00
4261;1.11;2023-09-07T23:51:14+00:00
4265;4.47;2023-11-05T11:49:04+00:00
4280;0.9;2023-11-29T22:55:54+00:00
4283;3.86;2023-09-06T08:14:23+00:00
4284;8.91;2023-05-16T18:28:46+00:00
4287;1.2;2023-10-15T13:36:13+00:00
4293;6.85;2023-05-30T15:51:09+00:00
4300;4.36;2023-10-16T20:09:57+00:00
4301;1.74;2023-08-07T00:11:28+00:00
4304;1.87;2023-07-12T07:05:49+00:00
4313;6.85;2023-10-03T15:36:09+00:00
4319;0.39;2023-05-07T00:47:26+00:00
4326;3.6;2023-10-22T14:13:08+00:00
4328;0.41;2023-06-30T21:41:27+00:00
4336;3.05;2023-09-20T18:25:39+00:00
4357;2.23;2023-10-17T18:55:11+00:00
4361;5.06;2023-07-13T19:41:11+00:00
4369;4.92;2023-08-13T19:26:33+00:00
4373;2.11;2023-06-20T23:16:17+00:00
4387;1.96;2023-06-29T06:08:27+00:00
4391;3.19;2023-11-19T04:31:57+00:00
4394;0.48;2023-09-10T10:42:54+00:00
4396;4.58;2023-11-07T11:41:20+00:00
4398;2.83;2023-06-28T09:30:15+00:00
4399;4.25;2023-10-17T02:21:57+00:00
4403;4.12;2023-10-23T20:10:03+00:00
4410;0.83;2023-10-14T17:08:06+00:00
4417;2.02;2023-09-13T20:21:43+00:00
4428;2.42;2023-10-05T02:54:15+00:00
4429;0.6;2023-05-29T07:59:59+00:00
4434;2.61;2023-08-02T20:14:39+00:00
4435;1.82;2023-06-21T00:46:26+00:00
4441;4.45;2023-06-05T10:59:56+00:00
4453;5.49;2023-06-25T08:55:59+00:00
4454;3.94;2023-07-27T07:59:54+00:00
4459;0.34;2023-09-11T13:59:58+00:00
4464;5.3;2023-06-10T11:56:52+00:00
4474;3.61;2023-08-05T00:03:21+00:00
4476;1.42;2023-07-17T14:45:11+00:00
4480;3.12;2023-10-24T13:32:45+00:00
4483;1.42;2023-11-29T07:06:49+00:00
4486;3.33;2023-05-28T10:22:31+00:00
4492;0.86;2023-06-05T09:36:12+00:00
4498;1.55;2023-11-17T23:15:32+00:00
4510;1.56;2023-05-08T01:16:40+00:00
4511;5.1;2023-11-01T03:51:54+00:00
4534;3.19;2023-05-09T06:26:41+00:00
4541;9.05;2023-11-30T00:26:24+00:00
4543;7.43;2023-07-13T07:56:33+00:00
4544;1.97;2023-09-12T07:11:27+00:00
4546;1.56;2023-09-14T11:50:07+00:00
4548;2.89;2023-11-25T22:27:07+00:00
4568;1.86;2023-08-01T04:08:46+00:00
4574;6.51;2023-10-29T23:56:38+00:00
4578;3.15;2023-06-04T15:00:56+00:00
4579;6.12;2023-07-24T12:58:01+00:00
4591;2.72;2023-09-22T22:11:58+00:00
4593;2.24;2023-05-29T00:22:01+00:00
4617;0.82;2023-07-05T01:47:15+00:00
4620;1.06;2023-06-03T07:46:48+00:00
4625;1.26;2023-11-20T00:34:09+00:00
4627;2.5;2023-11-26T06:31:07+00:00
4629;5.71;2023-05-22T08:35:49+00:00
4632;0.45;2023-06-06T16:11:26+00:00
4635;5.56;2023-05-20T04:47:16+00:00
4660;1.46;2023-08-02T23:46:24+00:00
4662;1.51;2023-07-18T08:36:31+00:00
4663;1.68;2023-06-05T14:07:47+00:00
4664;6.4;2023-08-06T09:32:38+00:00
4666;8.98;2023-06-06T08:52:48+00:00
4667;1.81;2023-05-15T03:01:29+00:00
4672;6.92;2023-06-26T08:31:19+00:00
4675;0.94;2023-05-22T07:23:20+00:00
4678;7.94;2023-11-17T05:26:24+00:00
4685;8.85;2023-12-01T11:48:33+00:00
4686;5.36;2023-10-21T13:34:26+00:00
4687;7.12;2023-06-15T22:39:17+00:00
4688;3.39;2023-10-11T21:46:36+00:00
4690;1.01;2023-08-13T18:20:09+00:00
4696;1.11;2023-10-31T18:00:54+00:00
4712;0.97;2023-09-23T10:43:11+00:00
4715;0.8;2023-10-14T07:52:44+00:00
4716;3.78;2023-06-04T15:45:14+00:00
4719;1.13;2023-06-12T03:33:01+00:00
4725;2.65;2023-06-02T06:13:09+00:00
4726;8.06;2023-08-22T10:06:27+00:00
4730;3.12;2023-05-11T07:16:01+00:00
4731;4.02;2023-06-30T09:54:35+00:00
4732;4.27;2023-11-19T14:43:21+00:00
4734;2.56;2023-10-23T06:44:26+00:00
4740;2.04;2023-06-06T16:48:04+00:00
4748;6.1;2023-05-23T12:14:07+00:00
4771;8.92;2023-07-16T03:15:28+00:00
4772;5.86;2023-06-18T14:46:24+00:00
4775;1.77;2023-09-15T21:49:38+00:00
4778;0.73;2023-06-13T03:16:17+00:00
4784;6.29;2023-09-29T19:42:32+00:00
4787;0.94;2023-10-13T08:46:09+00:00
4790;0.87;2023-11-22T09:11:26+00:00
4796;7.68;2023-09-22T21:49:24+00:00
4799;1.22;2023-06-15T23:57:21+00:00
4801;0.72;2023-05-28T13:29:59+00:00
4804;2.54;2023-06-12T12:13:35+00:00
4809;1.83;2023-10-14T16:17:02+00:00
4817;1.29;2023-05-03T20:34:49+00:00
4819;5.99;2023-11-17T04:40:54+00:00
4826;3.44;2023-07-19T22:14:22+00:00
4827;1.92;2023-10-24T03:31:27+00:00
4831;2.98;2023-07-09T05:07:14+00:00
4834;1.76;2023-08-08T19:13:20+00:00
4841;3.0;2023-09-10T05:27:00+00:00
4846;4.11;2023-10-07T16:38:03+00:00
4854;1.35;2023-11-20T14:47:02+00:00
4869;3.55;2023-07-05T01:06:46+00:00
4870;6.24;2023-11-04T12:47:23+00:00
4871;7.1;2023-09-16T15:40:43+00:00
4875;6.73;2023-10-05T06:09:59+00:00
4876;6.63;2023-06-26T15:45:24+00:00
4879;1.32;2023-10-17T22:35:47+00:00
4887;2.87;2023-06-06T18:08:04+00:00
4894;2.46;2023-06-14T01:18:27+00:00
4898;3.42;2023-05-30T22:12:00+00:00
4901;4.12;2023-09-23T02:17:04+00:00
4905;0.5;2023-07-17T21:26:53+00:00
4910;6.12;2023-07-04T15:52:19+00:00
4912;4.16;2023-09-13T07:13:02+00:00
4915;1.76;2023-09-07T00:58:15+00:00
4916;0.5;2023-07-19T14:36:04+00:00
4926;5.54;2023-08-21T23:55:48+00:00
4932;4.54;2023-05-10T10:44:47+00:00
4937;3.27;2023-05-24T12:55:35+00:00
4947;4.05;2023-11-08T05:11:28+00:00
4949;1.56;2023-10-28T01:00:13+00:00
4950;2.18;2023-07-06T16:53:33+00:00
4955;2.06;2023-09-03T19:00:48+00:00
4959;0.66;2023-06-22T12:24:24+00:00
4965;3.44;2023-05-25T22:42:37+00:00
4966;9.18;2023-10-28T05:47:59+00:00
4967;4.41;2023-11-18T04:02:28+00:00
4984;1.49;2023-05-09T09:23:20+00:00
4987;6.32;2023-11-28T11:24:31+00:00
4991;7.08;2023-05-31T11:30:56+00:00
4995;1.29;2023-07-09T12:19:15+00:00
5000;3.06;2023-07-07T13:29:45+00:00
5005;1.77;2023-08-03T12:29:01+00:00
5013;5.66;2023-09-30T06:08:09+00:00
5017;1.54;2023-10-24T09:34:35+00:00
5019;0.75;2023-10-30T18:14:02+00:00
5025;6.82;2023-05-30T06:51:24+00:00
5029;3.12;2023-06-30T19:53:10+00:00
5032;5.16;2023-06-05T19:35:55+00:00
5038;5.06;2023-06-13T17:15:42+00:00
5040;3.27;2023-08-09T08:34:49+00:00
5041;0.88;2023-06-24T12:48:09+00:00
5043;7.62;2023-10-20T05:00:17+00:00
5045;3.97;2023-08-29T14:52:09+00:00
5046;5.64;2023-05-31T09:46:35+00:00
5049;7.85;2023-06-10T01:16:22+00:00
5051;1.08;2023-10-23T10:56:23+00:00
5054;4.24;2023-06-23T05:51:05+00:00
5067;1.06;2023-05-20T11:40:50+00:00
5075;5.27;2023-10-05T16:11:17+00:00
5076;2.38;2023-08-30T08:07:46+00:00
5079;2.05;2023-09-17T10:01:40+00:00
5084;2.86;2023-08-03T16:16:26+00:00
5089;4.48;2023-10-04T08:34:40+00:00
5096;1.19;2023-10-16T23:03:49+00:00
5103;3.98;2023-11-27T23:07:25+00:00
5106;1.97;2023-07-03T04:18:33+00:00
5110;0.68;2023-10-20T06:20:28+00:00
5111;1.69;2023-08-03T04:14:20+00:00
5118;5.47;2023-11-12T18:37:20+00:00
5122;6.48;2023-06-11T15:41:36+00:00
5127;1.93;2023-09-06T17:38:24+00:00
5141;6.17;2023-10-29T05:08:06+00:00
5143;7.93;2023-10-12T13:36:52+00:00
5145;0.52;2023-06-10T06:30:44+00:00
5148;1.11;2023-11-07T13:24:27+00:00
5152;0.57;2023-05-02T03:14:55+00:00
5156;3.94;2023-05-21T10:15:01+00:00
5162;3.51;2023-06-05T09:24:39+00:00
5163;6.64;2023-09-16T04:43:21+00:00
5164;2.63;2023-07-29T06:04:03+00:00
5175;0.63;2023-10-22T05:49:26+00:00
5176;2.29;2023-05-02T16:18:32+00:00
5178;2.2;2023-08-28T00:51:05+00:00
5185;2.24;2023-09-24T09:56:01+00:00
5186;5.11;2023-09-11T11:32:32+00:00
5188;4.07;2023-07-02T10:42:05+00:00
5189;1.7;2023-11-01T17:06:07+00:00
5196;5.71;2023-08-01T00:04:15+00:00
5202;4.42;2023-06-11T15:11:02+00:00
5211;0.91;2023-07-07T14:53:50+00:00
5221;1.84;2023-07-06T12:22:55+00:00
5228;2.72;2023-05-23T22:24:09+00:00
5229;2.69;2023-09-14T21:16:46+00:00
5230;1.5;2023-10-19T01:39:26+00:00
5235;0.8;2023-08-08T23:01:09+00:00
5236;3.0;2023-05-10T00:08:41+00:00
5241;1.35;2023-05-18T23:02:39+00:00
5261;0.81;2023-11-30T19:20:57+00:00
5262;1.33;2023-08-30T21:20:09+00:00
5265;4.47;2023-05-23T13:37:09+00:00
5276;1.69;2023-10-18T20:33:18+00:00
5278;0.34;2023-05-24T20:11:29+00:00
5282;4.25;2023-06-16T22:43:11+00:00
5284;5.2;2023-06-01T18:49:25+00:00
5285;3.33;2023-06-03T08:53:03+00:00
5286;4.62;2023-06-24T04:51:08+00:00
5288;1.22;2023-07-06T08:20:42+00:00
5289;3.22;2023-10-05T15:45:08+00:00
5302;0.51;2023-09-18T01:20:18+00:00
5303;3.01;2023-08-17T04:39:13+00:00
5304;1.8;2023-09-23T18:50:40+00:00
5305;4.6;2023-05-07T15:05:12+00:00
5311;0.94;2023-06-16T17:26:26+00:00
5318;3.48;2023-10-16T17:46:22+00:00
5319;2.52;2023-07-18T09:19:02+00:00
5336;1.46;2023-09-24T17:27:44+00:00
5340;6.83;2023-05-24T20:12:28+00:00
5341;4.36;2023-10-22T12:26:23+00:00
5345;2.45;2023-08-10T16:26:05+00:00
5349;0.83;2023-10-05T03:40:00+00:00
5356;1.44;2023-06-29T03:09:22+00:00
5368;4.57;2023-11-04T22:36:08+00:00
5371;2.54;2023-10-16T09:42:01+00:00
5374;1.49;2023-06-15T11:57:33+00:00
5377;6.62;2023-06-19T14:33:04+00:00
5388;2.22;2023-09-10T03:45:54+00:00
5389;0.48;2023-06-15T13:17:08+00:00
5399;1.95;2023-05-25T19:01:52+00:00
5408;3.42;2023-05-08T00:26:38+00:00
5413;3.93;2023-08-12T20:01:41+00:00
5430;2.41;2023-05-31T04:09:26+00:00
5437;6.48;2023-07-01T19:59:23+00:00
5479;4.21;2023-10-19T04:15:55+00:00
5481;2.15;2023-08-06T15:04:12+00:00
5485;1.45;2023-07-28T06:31:51+00:00
5487;4.18;2023-05-18T12:31:11+00:00
5488;3.18;2023-05-04T20:04:46+00:00
5496;0.81;2023-07-05T04:47:40+00:00
5497;6.2;2023-08-06T15:10:42+00:00
5505;3.92;2023-09-17T06:29:06+00:00
5510;5.21;2023-08-11T02:43:11+00:00
5513;1.23;2023-09-24T04:34:56+00:00
5518;3.35;2023-06-08T18:35:37+00:00
5526;6.23;2023-07-25T14:55:06+00:00
5532;6.72;2023-11-25T15:16:24+00:00
5542;2.95;2023-05-16T21:45:30+00:00
5568;1.52;2023-10-24T10:46:47+00:00
5573;4.19;2023-06-19T20:48:23+00:00
5574;5.65;2023-05-04T15:36:21+00:00
5578;6.82;2023-11-20T02:28:51+00:00
5584;3.19;2023-08-14T17:26:32+00:00
5589;0.69;2023-11-06T11:02:48+00:00
5592;1.33;2023-11-14T04:43:26+00:00
5602;4.94;2023-08-08T14:45:49+00:00
5606;2.28;2023-06-20T02:48:01+00:00
5611;1.5;2023-07-12T22:11:26+00:00
5617;6.56;2023-09-26T05:59:50+00:00
5619;6.19;2023-06-27T21:07:07+00:00
5620;1.25;2023-08-08T04:10:56+00:00
5635;4.53;2023-08-12T06:54:33+00:00
5637;4.16;2023-10-22T19:20:44+00:00
5643;5.59;2023-07-07T18:16:03+00:00
5654;7.86;2023-09-10T01:55:52+00:00
5657;2.1;2023-10-09T11:53:33+00:00
5662;6.7;2023-09-08T11:09:07+00:00
5666;2.3;2023-09-19T22:28:00+00:00
5667;2.33;2023-10-24T15:40:52+00:00
5670;3.97;2023-09-27T07:25:36+00:00
5680;2.79;2023-08-27T01:31:24+00:00
5688;2.94;2023-10-19T19:07:42+00:00
5690;2.27;2023-08-05T13:39:42+00:00
5700;1.06;2023-06-06T06:48:44+00:00
5705;4.14;2023-09-01T16:35:56+00:00
5718;1.63;2023-05-07T01:02:42+00:00
5722;1.76;2023-09-10T22:02:48+00:00
5738;5.89;2023-09-02T16:16:39+00:00
5742;6.58;2023-06-16T08:09:52+00:00
5746;2.53;2023-09-08T11:16:14+00:00
5752;6.88;2023-09-07T20:49:01+00:00
5754;6.17;2023-06-19T22:25:37+00:00
5759;4.32;2023-06-05T09:31:02+00:00
5774;2.91;2023-06-28T22:25:12+00:00
5776;2.71;2023-07-24T20:31:12+00:00
5787;7.15;2023-06-20T18:06:30+00:00
5794;0.43;2023-07-10T21:56:12+00:00
5801;6.3;2023-05-06T10:33:06+00:00
5802;2.65;2023-07-31T01:22:25+00:00
5804;3.42;2023-11-06T08:27:59+00:00
5828;2.13;2023-11-19T23:49:15+00:00
5832;4.22;2023-08-30T13:27:41+00:00
5839;9.18;2023-09-28T17:54:51+00:00
5841;1.55;2023-06-07T12:57:59+00:00
5851;0.86;2023-06-29T07:01:21+00:00
5853;4.48;2023-05-18T04:19:37+00:00
5858;4.46;2023-09-22T07:43:38+00:00
5869;2.22;2023-07-24T21:37:21+00:00
5871;3.68;2023-06-28T23:09:01+00:00
5875;5.37;2023-10-24T11:37:31+00:00
5885;5.26;2023-07-08T23:57:05+00:00
5890;0.81;2023-11-24T19:38:31+00:00
5891;6.96;2023-09-13T00:24:39+00:00
5892;0.52;2023-06-18T00:01:33+00:00
5905;3.27;2023-11-25T05:46:03+00:00
5913;4.39;2023-09-08T03:38:55+00:00
5914;3.83;2023-06-01T03:46:57+00:00
5917;0.88;2023-06-07T07:22:48+00:00
5919;2.18;2023-10-21T00:09:21+00:00
5929;0.73;2023-06-09T08:25:00+00:00
5935;3.37;2023-06-15T17:59:13+00:00
5940;6.25;2023-08-05T20:05:11+00:00
5943;3.18;2023-09-12T14:02:18+00:00
5944;6.31;2023-05-07T02:12:18+00:00
5945;1.08;2023-06-16T06:46:22+00:00
5955;6.72;2023-08-20T19:07:05+00:00
5969;3.34;2023-10-04T00:44:27+00:00
5971;1.29;2023-09-20T17:26:24+00:00
5972;4.37;2023-09-30T21:07:36+00:00
5974;1.96;2023-09-07T00:07:39+00:00
5975;4.59;2023-10-26T20:08:29+00:00
5979;2.3;2023-05-12T04:12:21+00:00
5983;4.23;2023-06-09T03:43:51+00:00
5991;1.15;2023-10-16T20:44:09+00:00
5997;1.36;2023-07-23T16:11:44+00:00
5999;0.71;2023-05-29T22:31:42+00:00
6004;3.76;2023-06-17T14:08:53+00:00
6016;6.01;2023-11-28T17:50:23+00:00
6017;2.08;2023-05-28T18:48:52+00:00
6020;6.17;2023-08-27T04:45:57+00:00
6021;3.27;2023-06-17T16:15:58+00:00
6041;1.43;2023-08-16T12:59:52+00:00
6042;6.23;2023-11-02T19:06:37+00:00
6044;1.57;2023-05-31T15:45:36+00:00
6048;3.16;2023-10-01T16:50:09+00:00
6054;3.05;2023-07-18T11:45:01+00:00
6055;1.48;2023-08-12T21:56:40+00:00
6058;1.44;2023-05-27T23:18:43+00:00
6060;0.65;2023-06-09T11:06:18+00:00
6081;4.27;2023-11-07T17:04:17+00:00
6086;7.2;2023-11-19T03:46:02+00:00
6087;2.69;2023-09-26T05:49:07+00:00
6088;1.93;2023-05-03T04:48:00+00:00
6096;8.41;2023-11-17T12:56:51+00:00
6097;1.87;2023-06-02T07:26:43+00:00
6103;1.85;2023-11-26T05:02:49+00:00
6110;2.03;2023-06-21T12:27:40+00:00
6120;2.21;2023-05-30T11:01:38+00:00
6122;6.11;2023-10-23T01:20:49+00:00
6124;4.25;2023-09-26T06:05:41+00:00
6136;2.93;2023-05-31T23:22:36+00:00
6141;2.52;2023-11-13T13:58:02+00:00
6147;6.24;2023-07-21T10:39:42+00:00
6151;7.86;2023-08-15T02:53:08+00:00
6166;4.04;2023-05-12T13:07:47+00:00
6168;0.89;2023-11-24T15:37:54+00:00
6169;6.32;2023-07-11T13:30:28+00:00
6170;1.5;2023-05-08T03:44:53+00:00
6171;1.56;2023-08-15T17:10:36+00:00
6185;2.69;2023-11-10T00:25:50+00:00
6186;6.22;2023-06-01T01:14:38+00:00
6191;6.35;2023-08-17T18:33:22+00:00
6196;5.96;2023-06-12T16:34:04+00:00
6203;0.39;2023-07-27T18:52:15+00:00
6213;0.74;2023-11-15T13:05:33+00:00
6226;2.33;2023-11-17T04:36:18+00:00
6233;1.76;2023-08-21T17:21:32+00:00
6238;5.4;2023-08-14T10:07:13+00:00
6241;4.08;2023-09-02T13:30:05+00:00
6247;1.78;2023-08-09T21:29:24+00:00
6251;3.33;2023-11-07T11:38:16+00:00
6253;3.08;2023-10-11T09:21:53+00:00
6258;3.34;2023-07-17T01:14:35+00:00
6260;1.17;2023-10-15T12:54:09+00:00
6274;6.7;2023-11-13T03:08:37+00:00
6283;4.22;2023-08-26T11:37:41+00:00
6287;3.73;2023-10-01T07:56:22+00:00
6290;6.04;2023-08-18T22:44:45+00:00
6292;1.76;2023-08-01T17:47:58+00:00
6296;1.91;2023-10-08T15:13:56+00:00
6301;1.28;2023-05-08T23:24:13+00:00
6304;0.91;2023-08-11T03:51:02+00:00
6306;6.71;2023-10-09T23:10:53+00:00
6308;3.83;2023-09-25T10:26:13+00:00
6309;4.86;2023-11-28T23:39:32+00:00
6314;4.82;2023-05-14T03:15:24+00:00
6319;5.42;2023-09-18T05:47:26+00:00
6325;0.91;2023-10-10T03:32:24+00:00
6327;1.96;2023-10-24T05:01:42+00:00
6335;4.96;2023-06-06T10:35:21+00:00
6336;5.11;2023-06-18T01:00:32+00:00
6345;6.21;2023-07-31T08:42:30+00:00
6346;5.91;2023-06-26T11:00:34+00:00
6357;3.04;2023-06-02T10:59:15+00:00
6361;1.92;2023-05-18T12:52:49+00:00
6365;3.8;2023-05-24T03:08:08+00:00
6369;5.72;2023-11-03T05:51:54+00:00
6376;1.12;2023-05-10T21:44:23+00:00
6378;1.68;2023-06-18T20:42:07+00:00
6382;1.43;2023-05-27T06:02:32+00:00
6389;2.96;2023-06-15T06:47:30+00:00
6393;3.13;2023-11-26T18:40:36+00:00
6396;2.65;2023-05-31T23:43:51+00:00
6398;2.11;2023-10-03T21:23:50+00:00
6404;1.81;2023-10-13T00:12:46+00:00
6407;4.97;2023-05-28T06:12:21+00:00
6411;5.78;2023-05-19T12:00:30+00:00
6432;4.0;2023-05-04T06:53:37+00:00
6446;3.1;2023-11-18T00:24:55+00:00
6447;3.29;2023-11-12T06:48:16+00:00
6455;4.09;2023-06-29T12:24:59+00:00
6466;1.33;2023-06-22T19:56:58+00:00
6471;1.71;2023-11-25T20:12:59+00:00
6477;5.16;2023-05-02T07:05:59+00:00
6496;2.53;2023-05-11T19:05:43+00:00
6499;1.17;2023-11-21T19:36:24+00:00
6504;1.91;2023-05-06T23:39:12+00:00
6505;2.29;2023-11-29T21:44:29+00:00
6507;1.9;2023-05-16T13:46:49+00:00
6511;1.15;2023-09-06T18:39:04+00:00
6516;0.42;2023-09-23T02:00:54+00:00
6526;0.31;2023-10-21T12:12:01+00:00
6530;8.05;2023-07-27T21:17:49+00:00
6531;4.37;2023-08-31T01:53:05+00:00
6540;1.58;2023-06-04T11:56:21+00:00
6547;5.21;2023-10-04T01:11:04+00:00
6552;4.61;2023-10-13T10:36:16+00:00
6568;5.58;2023-08-03T10:25:54+00:00
6569;1.3;2023-10-09T23:27:11+00:00
6570;2.57;2023-09-09T19:43:50+00:00
6574;1.32;2023-07-10T07:57:30+00:00
6579;2.62;2023-05-23T11:35:42+00:00
6585;2.19;2023-05-28T13:54:40+00:00
6588;3.98;2023-10-11T21:27:23+00:00
6592;1.98;2023-09-11T02:17:29+00:00
6609;8.62;2023-10-18T03:35:02+00:00
6616;4.31;2023-06-13T09:45:33+00:00
6624;3.29;2023-08-11T08:36:40+00:00
6630;2.11;2023-06-05T07:26:01+00:00
6631;5.12;2023-09-26T15:55:45+00:00
6632;1.09;2023-10-13T00:47:20+00:00
6635;2.2;2023-05-27T10:45:01+00:00
6637;2.57;2023-09-13T08:51:37+00:00
6641;2.46;2023-07-29T13:08:11+00:00
6642;4.02;2023-12-01T10:28:35+00:00
6645;2.46;2023-08-21T05:19:26+00:00
6650;1.55;2023-06-11T14:28:45+00:00
6651;3.87;2023-05-27T17:20:50+00:00
6659;6.32;2023-11-12T04:35:54+00:00
6664;3.44;2023-11-04T06:57:35+00:00
6670;5.89;2023-09-27T15:00:32+00:00
6674;4.24;2023-09-27T16:27:00+00:00
6675;1.65;2023-05-09T16:03:42+00:00
6680;1.77;2023-10-12T20:15:01+00:00
6682;1.11;2023-07-23T17:23:02+00:00
6687;4.18;2023-08-06T03:04:33+00:00
6690;7.12;2023-05-30T17:15:27+00:00
6705;6.27;2023-05-18T08:22:00+00:00
6724;3.68;2023-07-31T10:35:43+00:00
6727;3.92;2023-06-10T20:04:41+00:00
6729;4.47;2023-09-19T07:12:42+00:00
6735;1.03;2023-09-27T14:46:18+00:00
6736;6.12;2023-08-22T15:35:08+00:00
6742;1.83;2023-10-18T15:48:10+00:00
6748;4.28;2023-06-11T19:34:36+00:00
6757;4.78;2023-09-14T23:10:08+00:00
6770;4.48;2023-08-11T09:14:45+00:00
6780;2.1;2023-07-26T11:09:00+00:00
6781;3.44;2023-05-05T11:52:02+00:00
6792;1.14;2023-12-01T03:28:17+00:00
6798;7.82;2023-08-28T01:20:53+00:00
6799;2.21;2023-11-10T13:42:20+00:00
6806;3.31;2023-05-21T01:53:05+00:00
6807;1.21;2023-06-03T22:39:16+00:00
6813;2.95;2023-08-14T15:35:48+00:00
6815;1.87;2023-05-20T09:46:57+00:00
6817;3.37;2023-08-17T11:57:17+00:00
6819;3.32;2023-08-21T01:28:22+00:00
6827;1.67;2023-10-23T13:38:08+00:00
6829;0.8;2023-06-20T04:02:35+00:00
6830;1.37;2023-07-16T20:56:42+00:00
6831;8.3;2023-11-03T08:06:54+00:00
6833;1.03;2023-10-02T09:10:49+00:00
6838;1.4;2023-10-24T21:46:28+00:00
6845;1.47;2023-11-09T19:34:17+00:00
6850;3.0;2023-05-05T02:49:16+00:00
6854;1.49;2023-06-18T17:44:09+00:00
6856;3.37;2023-05-26T22:16:50+00:00
6857;4.04;2023-08-21T06:16:41+00:00
6859;3.82;2023-09-04T10:44:26+00:00
6863;2.23;2023-05-24T20:22:51+00:00
6864;4.16;2023-10-16T23:44:36+00:00
6873;1.04;2023-06-08T02:25:44+00:00
6882;3.38;2023-08-26T08:41:12+00:00
6883;1.61;2023-08-09T19:53:25+00:00
6892;2.16;2023-08-17T06:45:03+00:00
6893;8.62;2023-10-03T15:02:45+00:00
6899;2.15;2023-05-16T14:10:20+00:00
6903;8.64;2023-06-15T03:23:04+00:00
6909;5.88;2023-09-20T15:13:31+00:00
6911;3.55;2023-10-20T09:04:39+00:00
6913;2.04;2023-07-05T02:55:21+00:00
6915;2.18;2023-11-28T00:43:53+00:00
6916;1.7;2023-08-12T07:28:02+00:00
6919;2.91;2023-09-20T19:19:49+00:00
6921;1.85;2023-08-14T06:13:52+00:00
6923;3.4;2023-11-07T19:28:23+00:00
6926;2.66;2023-07-05T07:36:55+00:00
6929;2.21;2023-05-04T23:20:49+00:00
6931;2.71;2023-10-07T08:27:10+00:00
6939;3.98;2023-07-20T06:51:34+00:00
6940;5.79;2023-07-12T00:34:25+00:00
6946;3.32;2023-08-18T10:42:59+00:00
6947;3.09;2023-08-24T13:36:05+00:00
6951;4.5;2023-08-10T12:43:19+00:00
6952;5.32;2023-08-21T06:17:07+00:00
6962;1.12;2023-09-15T05:59:26+00:00
6965;3.68;2023-10-18T08:45:10+00:00
6968;6.78;2023-10-21T00:23:27+00:00
6969;2.54;2023-05-24T00:49:58+00:00
6970;3.99;2023-11-14T10:39:10+00:00
6981;7.88;2023-05-03T07:39:01+00:00
6992;1.17;2023-09-19T13:00:40+00:00
6996;6.61;2023-07-12T02:26:30+00:00
6998;4.78;2023-05-05T10:36:58+00:00
7000;3.78;2023-11-12T23:47:29+00:00
7005;1.65;2023-05-26T14:59:27+00:00
7008;4.57;2023-11-29T12:00:45+00:00
7009;5.63;2023-11-19T05:09:46+00:00
7015;2.07;2023-08-18T06:01:55+00:00
7016;1.25;2023-11-22T15:40:00+00:00
7020;4.29;2023-09-05T09:45:57+00:00
7021;3.01;2023-05-17T22:55:28+00:00
7023;0.37;2023-10-04T22:38:34+00:00
7025;1.39;2023-09-18T02:25:29+00:00
7027;3.12;2023-10-10T01:53:29+00:00
7029;3.4;2023-11-22T02:19:42+00:00
7032;0.76;2023-07-14T11:28:25+00:00
7046;1.01;2023-07-11T03:49:13+00:00
7057;0.77;2023-08-20T09:14:48+00:00
7069;1.64;2023-07-19T04:03:44+00:00
7073;3.56;2023-06-03T12:24:17+00:00
7079;1.06;2023-09-17T04:33:31+00:00
7080;0.6;2023-08-19T12:00:32+00:00
7085;1.21;2023-09-08T12:29:50+00:00
7086;6.22;2023-11-26T18:11:52+00:00
7107;7.3;2023-09-18T18:56:24+00:00
7110;2.78;2023-07-28T04:54:08+00:00
7113;0.33;2023-05-10T12:00:07+00:00
7122;2.19;2023-09-25T08:53:40+00:00
7123;4.42;2023-05-19T10:10:53+00:00
7124;3.26;2023-09-24T03:37:51+00:00
7125;4.34;2023-11-22T18:42:04+00:00
7130;3.18;2023-11-14T06:36:03+00:00
7141;1.66;2023-09-22T08:54:21+00:00
7143;1.14;2023-11-22T21:33:21+00:00
7152;0.39;2023-11-20T00:16:47+00:00
7158;3.76;2023-05-09T08:32:38+00:00
7163;1.9;2023-07-24T17:45:23+00:00
7167;4.07;2023-08-01T10:03:41+00:00
7171;1.98;2023-08-08T20:17:34+00:00
7175;3.98;2023-05-01T12:45:13+00:00
7184;8.0;2023-05-19T10:35:52+00:00
7187;4.2;2023-07-07T12:19:59+00:00
7192;0.71;2023-09-03T12:27:04+00:00
7196;3.15;2023-09-01T02:29:59+00:00
7203;4.98;2023-11-23T22:18:55+00:00
7204;0.48;2023-09-21T05:44:13+00:00
7205;5.45;2023-07-30T07:31:35+00:00
7207;0.62;2023-10-21T22:57:16+00:00
7210;1.79;2023-11-21T06:54:08+00:00
7213;5.74;2023-09-22T01:52:51+00:00
7219;5.62;2023-09-26T18:49:35+00:00
7221;1.2;2023-09-08T02:33:17+00:00
7224;4.09;2023-09-30T16:49:48+00:00
7229;3.12;2023-07-22T15:32:59+00:00
7231;4.54;2023-10-19T11:30:31+00:00
7239;2.02;2023-06-27T10:55:39+00:00
7242;3.75;2023-07-04T12:40:52+00:00
7245;1.48;2023-05-19T16:36:58+00:00
7258;1.36;2023-05-14T22:16:58+00:00
7269;3.07;2023-06-11T18:30:54+00:00
7273;0.3;2023-11-19T11:46:21+00:00
7291;1.76;2023-09-27T18:57:49+00:00
7293;0.87;2023-05-30T02:03:08+00:00
7296;4.81;2023-08-30T03:26:29+00:00
7309;2.79;2023-10-28T23:52:14+00:00
7317;1.69;2023-09-07T21:46:16+00:00
7324;0.36;2023-06-11T04:13:30+00:00
7327;0.47;2023-10-17T13:19:23+00:00
7330;2.76;2023-06-26T05:35:52+00:00
7338;0.41;2023-07-19T06:28:14+00:00
7352;0.79;2023-09-16T16:46:58+00:00
7354;1.59;2023-08-02T21:32:37+00:00
7356;3.71;2023-06-10T06:12:14+00:00
7371;0.83;2023-11-11T15:33:38+00:00
7372;4.11;2023-07-27T20:37:05+00:00
7376;4.1;2023-07-08T17:37:33+00:00
7377;1.06;2023-05-03T05:30:37+00:00
7383;8.3;2023-06-27T01:38:55+00:00
7385;4.4;2023-11-02T11:45:08+00:00
7386;3.51;2023-05-29T16:18:57+00:00
7387;5.92;2023-10-17T06:35:38+00:00
7392;1.84;2023-06-14T11:30:45+00:00
7394;3.38;2023-05-24T19:39:53+00:00
7396;2.89;2023-11-04T06:33:25+00:00
7413;2.67;2023-05-21T17:35:29+00:00
7417;3.37;2023-09-22T01:41:22+00:00
7420;5.55;2023-08-14T23:11:13+00:00
7424;2.01;2023-09-09T03:54:55+00:00
7426;8.16;2023-05-27T14:54:26+00:00
7427;1.39;2023-11-27T01:56:11+00:00
7431;2.81;2023-06-13T20:05:52+00:00
7438;4.41;2023-11-10T13:33:45+00:00
7441;6.09;2023-08-22T13:30:42+00:00
7453;1.91;2023-07-22T20:14:06+00:00
7454;3.89;2023-06-08T05:51:23+00:00
7459;1.94;2023-06-30T22:35:40+00:00
7461;1.48;2023-08-01T13:51:39+00:00
7463;0.32;2023-11-08T04:05:20+00:00
7464;2.14;2023-11-19T07:38:08+00:00
7470;0.95;2023-05-11T14:26:18+00:00
7471;5.42;2023-05-12T00:35:28+00:00
7473;1.32;2023-06-24T11:12:38+00:00
7480;3.05;2023-06-22T17:46:56+00:00
7481;3.78;2023-06-22T16:21:41+00:00
7483;1.32;2023-11-10T19:15:06+00:00
7484;3.75;2023-10-07T23:44:30+00:00
7491;3.17;2023-07-10T09:11:19+00:00
7493;2.11;2023-11-01T23:51:09+00:00
7499;2.25;2023-11-23T03:18:25+00:00
7502;4.45;2023-07-10T14:09:16+00:00
7505;2.17;2023-07-05T23:21:06+00:00
7516;4.11;2023-10-01T17:25:29+00:00
7524;5.0;2023-09-08T23:37:59+00:00
7525;1.74;2023-05-10T16:25:07+00:00
7528;0.38;2023-06-20T03:14:35+00:00
7535;3.14;2023-11-11T05:37:26+00:00
7536;1.53;2023-09-03T18:33:53+00:00
7538;3.32;2023-06-18T02:17:31+00:00
7554;4.04;2023-11-15T09:59:11+00:00
7555;2.05;2023-08-20T07:03:04+00:00
7566;4.06;2023-10-02T20:23:00+00:00
7575;9.05;2023-08-07T22:22:31+00:00
7582;3.44;2023-06-02T23:37:37+00:00
7608;1.36;2023-07-07T21:51:21+00:00
7610;7.38;2023-10-28T10:13:43+00:00
7611;1.92;2023-05-24T22:47:25+00:00
7613;2.69;2023-07-10T05:49:41+00:00
7614;1.22;2023-05-10T22:30:54+00:00
7615;4.0;2023-10-11T15:18:45+00:00
7617;2.27;2023-09-18T23:08:37+00:00
7629;7.68;2023-08-12T13:37:49+00:00
7630;0.96;2023-05-04T15:33:11+00:00
7631;5.07;2023-09-17T16:04:49+00:00
7642;0.47;2023-10-31T03:51:24+00:00
7644;1.57;2023-05-13T09:52:52+00:00
7647;1.68;2023-06-30T09:59:35+00:00
7659;6.32;2023-09-22T05:56:40+00:00
7668;0.48;2023-10-31T19:15:58+00:00
7682;1.28;2023-08-25T07:04:23+00:00
7688;2.28;2023-07-01T19:08:31+00:00
7691;2.17;2023-07-12T20:23:16+00:00
7692;3.59;2023-11-11T04:25:34+00:00
7697;0.93;2023-05-26T05:27:39+00:00
7701;0.73;2023-08-20T12:51:43+00:00
7730;2.2;2023-05-23T22:53:42+00:00
7736;3.88;2023-06-24T20:05:08+00:00
7740;3.84;2023-05-19T13:50:19+00:00
7742;8.55;2023-07-22T15:02:32+00:00
7744;1.16;2023-10-05T19:05:34+00:00
7746;2.83;2023-08-22T15:28:13+00:00
7759;2.07;2023-07-10T03:56:06+00:00
7761;1.78;2023-08-29T22:16:25+00:00
7763;8.81;2023-10-06T15:40:12+00:00
7776;8.62;2023-11-19T21:06:07+00:00
7779;1.46;2023-11-03T00:55:34+00:00
7780;4.11;2023-09-19T18:54:34+00:00
7781;1.68;2023-07-17T01:31:24+00:00
7783;2.83;2023-05-09T14:28:36+00:00
7789;3.75;2023-10-29T19:35:41+00:00
7790;5.32;2023-10-31T12:00:49+00:00
7812;1.27;2023-05-05T01:37:44+00:00
7816;1.98;2023-10-13T04:11:10+00:00
7827;6.04;2023-08-30T06:20:29+00:00
7833;1.7;2023-10-27T13:18:19+00:00
7835;1.45;2023-05-20T20:20:18+00:00
7837;2.1;2023-09-21T05:16:15+00:00
7853;3.47;2023-05-18T05:04:32+00:00
7854;2.01;2023-10-06T09:35:04+00:00
7855;6.22;2023-06-25T22:50:22+00:00
7857;3.71;2023-11-28T03:10:21+00:00
7865;3.9;2023-11-30T21:17:09+00:00
7866;7.56;2023-08-02T10:58:09+00:00
7871;0.47;2023-06-20T19:31:20+00:00
7880;2.06;2023-08-06T02:09:59+00:00
7881;2.06;2023-09-21T15:06:36+00:00
7882;1.94;2023-08-05T20:07:02+00:00
7890;2.81;2023-08-11T16:07:43+00:00
7893;2.79;2023-06-22T09:34:26+00:00
7896;4.09;2023-07-15T21:23:04+00:00
7902;4.59;2023-06-12T12:39:47+00:00
7922;1.19;2023-11-02T01:54:01+00:00
7923;3.16;2023-11-04T00:07:14+00:00
7929;1.1;2023-11-21T14:33:43+00:00
7934;1.66;2023-10-31T13:48:45+00:00
7937;6.34;2023-10-10T02:29:18+00:00
7938;2.48;2023-09-24T18:58:22+00:00
7939;1.31;2023-07-05T16:48:53+00:00
7940;4.2;2023-08-21T18:43:34+00:00
7943;1.9;2023-05-11T17:25:25+00:00
7950;4.65;2023-12-01T23:40:12+00:00
7951;2.66;2023-11-17T11:28:01+00:00
7955;2.28;2023-08-25T19:57:45+00:00
7957;5.74;2023-11-17T23:34:20+00:00
7963;1.11;2023-06-07T17:12:27+00:00
7965;1.71;2023-09-17T08:01:53+00:00
7967;4.91;2023-09-02T13:38:59+00:00
7980;2.61;2023-09-14T08:48:12+00:00
7984;1.78;2023-08-15T11:46:02+00:00
7998;5.91;2023-11-15T07:00:45+00:00
8008;3.1;2023-08-12T23:08:29+00:00
8010;1.43;2023-07-02T16:14:11+00:00
8011;3.09;2023-09-18T08:49:59+00:00
8016;8.97;2023-06-19T07:37:51+00:00
8029;2.76;2023-05-26T22:07:23+00:00
8031;2.0;2023-11-30T18:01:48+00:00
8038;1.54;2023-10-02T05:34:37+00:00
8041;4.08;2023-05-13T01:21:33+00:00
8046;1.33;2023-05-04T18:17:54+00:00
8054;2.13;2023-07-19T01:15:55+00:00
8057;8.87;2023-09-12T04:54:44+00:00
8061;1.28;2023-09-22T19:52:48+00:00
8066;6.29;2023-06-26T00:27:37+00:00
8073;3.46;2023-05-07T08:44:07+00:00
8088;4.28;2023-07-29T15:55:05+00:00
8090;0.72;2023-05-15T23:55:35+00:00
8102;8.8;2023-08-02T09:30:35+00:00
8103;3.11;2023-06-01T15:18:37+00:00
8106;1.79;2023-06-22T16:56:22+00:00
8107;2.73;2023-08-26T12:12:37+00:00
8109;4.99;2023-07-27T12:11:48+00:00
8115;5.22;2023-05-02T11:43:00+00:00
8117;1.78;2023-06-18T14:34:21+00:00
8118;2.22;2023-07-22T22:00:52+00:00
8119;1.64;2023-09-27T15:35:53+00:00
8121;1.92;2023-07-16T12:46:49+00:00
8139;2.6;2023-05-03T07:34:54+00:00
8148;5.64;2023-06-26T12:53:16+00:00
8149;0.62;2023-11-14T12:03:42+00:00
8157;5.02;2023-07-24T23:36:27+00:00
8161;4.59;2023-07-01T08:28:26+00:00
8164;6.82;2023-06-18T19:39:35+00:00
8165;2.06;2023-05-09T15:00:11+00:00
8166;3.62;2023-06-24T17:35:24+00:00
8167;1.23;2023-06-05T01:34:21+00:00
8169;2.86;2023-05-23T19:59:43+00:00
8177;1.72;2023-07-31T03:13:47+00:00
8179;3.73;2023-09-21T01:00:17+00:00
8200;3.9;2023-08-21T07:49:29+00:00
8201;1.66;2023-09-18T14:21:43+00:00
8202;2.18;2023-08-05T21:29:09+00:00
8203;0.71;2023-05-06T08:52:23+00:00
8216;8.05;2023-09-01T19:51:36+00:00
8228;2.52;2023-05-12T15:35:03+00:00
8232;2.59;2023-06-23T10:11:45+00:00
8237;2.58;2023-07-10T04:54:04+00:00
8246;0.42;2023-11-05T17:08:32+00:00
8249;0.96;2023-08-13T21:52:29+00:00
8250;3.42;2023-06-21T05:49:07+00:00
8253;1.62;2023-09-05T06:54:43+00:00
8256;3.38;2023-11-15T17:55:48+00:00
8257;4.24;2023-11-30T19:22:39+00:00
8258;7.98;2023-09-25T13:35:17+00:00
8269;0.99;2023-08-01T20:59:07+00:00
8274;1.67;2023-10-06T04:24:04+00:00
8306;2.11;2023-05-27T03:01:26+00:00
8311;3.45;2023-10-27T02:33:03+00:00
8323;1.13;2023-09-16T01:47:07+00:00
8326;5.59;2023-09-23T21:34:33+00:00
8329;1.9;2023-09-03T17:06:49+00:00
8359;1.58;2023-06-18T07:47:27+00:00
8362;0.98;2023-06-16T08:52:57+00:00
8364;0.83;2023-08-07T11:51:59+00:00
8374;1.4;2023-09-08T03:51:58+00:00
8382;4.32;2023-08-22T22:57:08+00:00
8384;7.92;2023-10-29T14:49:10+00:00
8389;6.84;2023-11-06T07:56:07+00:00
8390;3.63;2023-09-06T20:20:24+00:00
8399;1.62;2023-09-05T13:51:05+00:00
8403;8.51;2023-07-09T16:12:44+00:00
8404;3.87;2023-09-22T04:51:54+00:00
8418;1.31;2023-06-10T10:31:37+00:00
8425;2.18;2023-10-01T07:34:36+00:00
8431;4.38;2023-06-27T17:42:17+00:00
8446;1.47;2023-07-13T21:56:01+00:00
8449;0.85;2023-10-25T08:56:31+00:00
8454;2.22;2023-10-20T21:57:20+00:00
8459;1.67;2023-09-28T00:41:31+00:00
8462;2.7;2023-08-07T06:08:50+00:00
8466;0.74;2023-07-04T15:23:54+00:00
8471;4.09;2023-05-26T18:40:18+00:00
8477;3.59;2023-10-23T05:53:40+00:00
8479;0.45;2023-06-17T14:24:01+00:00
8489;0.91;2023-07-28T15:38:51+00:00
8497;1.28;2023-06-26T06:26:51+00:00
8500;4.31;2023-11-09T07:27:22+00:00
8518;0.79;2023-08-24T07:11:02+00:00
8519;1.42;2023-06-08T16:34:56+00:00
8520;0.36;2023-08-20T15:48:34+00:00
8521;6.94;2023-06-04T08:50:07+00:00
8532;1.5;2023-11-13T13:46:47+00:00
8534;1.44;2023-08-24T05:08:05+00:00
8543;2.18;2023-09-06T16:34:28+00:00
8544;9.08;2023-09-07T14:09:29+00:00
8548;3.48;2023-11-22T07:01:07+00:00
8556;2.64;2023-05-03T23:42:05+00:00
8561;8.46;2023-11-21T20:18:11+00:00
8562;4.18;2023-06-08T22:34:45+00:00
8572;8.61;2023-05-14T12:24:09+00:00
8573;2.61;2023-07-13T12:18:17+00:00
8574;2.75;2023-05-07T16:06:00+00:00
8577;1.73;2023-07-28T06:39:40+00:00
8586;8.03;2023-06-02T09:23:55+00:00
8590;1.48;2023-09-19T02:36:36+00:00
8591;1.96;2023-11-28T08:06:14+00:00
8595;1.32;2023-05-19T18:37:03+00:00
8596;7.51;2023-10-05T13:22:53+00:00
8600;1.63;2023-08-18T01:51:30+00:00
8601;2.14;2023-09-14T02:43:19+00:00
8603;2.93;2023-11-02T23:23:54+00:00
8606;2.09;2023-07-24T09:39:59+00:00
8608;1.51;2023-07-03T23:50:11+00:00
8615;3.66;2023-07-29T17:35:25+00:00
8619;6.53;2023-09-09T14:39:18+00:00
8620;8.8;2023-09-05T05:21:26+00:00
8622;2.98;2023-08-30T08:30:20+00:00
8625;0.46;2023-07-16T13:28:24+00:00
8634;6.39;2023-11-12T04:16:06+00:00
8636;0.99;2023-09-21T10:23:33+00:00
8643;2.25;2023-06-17T02:04:04+00:00
8652;0.34;2023-09-09T09:55:09+00:00
8655;3.5;2023-08-24T09:29:26+00:00
8657;4.42;2023-11-04T00:08:57+00:00
8659;1.4;2023-09-22T14:49:04+00:00
8665;8.64;2023-10-30T16:39:06+00:00
8671;4.14;2023-09-05T01:35:16+00:00
8673;5.32;2023-09-05T19:05:10+00:00
8679;1.05;2023-06-25T17:13:29+00:00
8684;5.36;2023-08-14T05:03:06+00:00
8691;7.79;2023-06-25T19:03:37+00:00
8693;1.54;2023-05-23T04:08:51+00:00
8706;9.12;2023-11-09T03:45:46+00:00
8717;2.99;2023-09-10T13:34:48+00:00
8718;2.02;2023-11-12T10:21:09+00:00
8721;2.46;2023-05-05T14:13:32+00:00
8727;1.85;2023-09-20T21:52:32+00:00
8728;1.34;2023-05-13T00:32:59+00:00
8731;2.1;2023-10-04T23:42:22+00:00
8732;8.65;2023-07-21T01:35:49+00:00
8733;2.55;2023-07-13T08:36:06+00:00
8734;2.36;2023-06-30T14:19:30+00:00
8743;0.85;2023-05-19T01:41:32+00:00
8744;3.78;2023-10-17T00:16:37+00:00
8753;1.87;2023-09-02T14:40:49+00:00
8756;3.18;2023-08-12T01:44:43+00:00
8757;0.44;2023-11-11T21:19:33+00:00
8762;4.26;2023-05-27T09:36:18+00:00
8764;3.64;2023-08-20T18:45:26+00:00
8768;4.3;2023-07-29T22:21:41+00:00
8773;1.04;2023-07-25T22:53:13+00:00
8777;2.01;2023-08-16T05:44:52+00:00
8778;3.43;2023-10-08T21:32:34+00:00
8781;1.13;2023-08-05T05:15:15+00:00
8788;3.02;2023-05-20T22:55:13+00:00
8794;3.18;2023-05-25T00:21:18+00:00
8805;5.3;2023-06-24T07:41:57+00:00
8813;0.63;2023-09-01T11:58:12+00:00
8816;4.16;2023-10-02T08:50:44+00:00
8817;1.97;2023-09-30T21:08:54+00:00
8818;1.59;2023-09-04T21:56:22+00:00
8821;6.71;2023-10-09T21:39:02+00:00
8829;1.45;2023-08-28T14:06:50+00:00
8830;2.34;2023-05-29T11:30:49+00:00
8831;2.49;2023-07-07T19:42:05+00:00
8848;0.66;2023-05-29T11:02:51+00:00
8853;2.57;2023-10-02T08:30:20+00:00
8863;1.57;2023-06-01T00:37:30+00:00
8864;1.0;2023-05-10T13:10:30+00:00
8868;2.53;2023-09-29T13:45:42+00:00
8872;3.84;2023-11-06T20:42:16+00:00
8878;6.32;2023-10-12T03:20:12+00:00
8888;3.96;2023-10-11T22:43:35+00:00
8896;6.72;2023-10-21T20:15:08+00:00
8897;2.3;2023-09-05T00:16:28+00:00
8902;6.75;2023-06-08T06:16:19+00:00
8904;1.66;2023-07-03T21:04:53+00:00
8907;2.08;2023-06-02T15:10:00+00:00
8920;2.76;2023-05-15T12:31:43+00:00
8925;4.48;2023-06-25T09:01:08+00:00
8931;1.08;2023-12-01T07:00:50+00:00
8933;3.9;2023-08-12T10:14:06+00:00
8937;4.63;2023-09-09T14:08:35+00:00
8961;0.34;2023-06-24T14:40:50+00:00
8963;7.9;2023-10-03T04:56:20+00:00
8964;2.49;2023-05-10T02:11:23+00:00
8968;7.27;2023-11-22T21:31:20+00:00
8969;2.69;2023-05-09T14:38:32+00:00
8978;5.74;2023-06-30T13:37:27+00:00
8990;3.48;2023-05-11T10:06:30+00:00
8996;0.67;2023-07-06T23:54:06+00:00
9007;2.8;2023-09-06T10:16:48+00:00
9014;2.48;2023-10-02T22:33:52+00:00
9015;7.13;2023-09-02T16:42:14+00:00
9016;0.42;2023-05-16T13:14:49+00:00
9023;6.32;2023-09-01T21:08:44+00:00
9030;4.03;2023-10-25T19:08:12+00:00
9049;8.08;2023-11-02T23:46:42+00:00
9052;2.58;2023-07-14T21:18:29+00:00
9054;4.04;2023-05-05T08:36:14+00:00
9062;2.08;2023-08-25T11:37:27+00:00
9068;3.37;2023-09-15T19:15:58+00:00
9073;2.22;2023-07-03T21:47:23+00:00
9090;3.36;2023-11-19T06:24:22+00:00
9091;6.51;2023-06-02T05:23:43+00:00
9099;1.0;2023-08-17T11:40:45+00:00
9100;2.27;2023-06-28T06:21:09+00:00
9101;7.71;2023-10-22T18:21:54+00:00
9109;0.83;2023-07-13T02:07:40+00:00
9110;1.73;2023-08-27T23:50:09+00:00
9122;4.88;2023-09-30T10:30:55+00:00
9133;0.85;2023-11-29T09:39:56+00:00
9138;1.09;2023-07-18T03:49:07+00:00
9142;2.35;2023-06-24T03:44:53+00:00
9148;3.47;2023-07-25T19:45:59+00:00
9156;0.79;2023-08-04T11:20:03+00:00
9167;6.54;2023-07-25T10:46:00+00:00
9169;2.62;2023-09-02T01:41:55+00:00
9172;1.91;2023-06-16T17:47:57+00:00
9175;8.0;2023-05-30T08:39:46+00:00
9180;1.6;2023-06-21T15:52:17+00:00
9185;1.86;2023-09-16T04:23:52+00:00
9187;0.98;2023-11-11T18:30:12+00:00
9190;2.67;2023-10-25T23:30:31+00:00
9191;8.96;2023-11-06T03:34:56+00:00
9197;1.72;2023-09-15T15:26:52+00:00
9204;4.54;2023-06-22T10:01:41+00:00
9211;1.95;2023-05-30T16:43:00+00:00
9214;2.08;2023-06-25T10:51:49+00:00
9215;1.54;2023-11-11T10:56:43+00:00
9217;0.59;2023-12-01T22:05:53+00:00
9245;6.5;2023-08-04T06:45:59+00:00
9250;6.5;2023-08-04T09:59:22+00:00
9252;3.31;2023-08-20T02:33:49+00:00
9254;3.63;2023-09-08T11:16:09+00:00
9255;7.39;2023-09-16T08:50:34+00:00
9261;5.95;2023-09-08T05:07:21+00:00
9267;0.68;2023-05-21T20:02:00+00:00
9285;1.06;2023-11-16T16:14:34+00:00
9288;4.52;2023-08-07T23:57:56+00:00
9290;4.31;2023-11-07T19:12:10+00:00
9293;0.88;2023-10-22T14:01:31+00:00
9295;1.98;2023-08-12T17:02:36+00:00
9297;0.83;2023-10-31T16:10:37+00:00
9299;0.59;2023-06-11T05:13:07+00:00
9305;1.66;2023-06-28T22:44:11+00:00
9312;2.14;2023-11-07T20:52:55+00:00
9313;0.3;2023-10-14T05:47:32+00:00
9316;4.84;2023-05-01T03:19:30+00:00
9317;1.43;2023-06-02T18:35:01+00:00
9319;2.03;2023-05-13T08:38:43+00:00
9320;0.77;2023-08-27T01:53:54+00:00
9327;4.83;2023-11-21T22:45:31+00:00
9333;1.38;2023-08-15T23:07:52+00:00
9338;7.58;2023-10-21T21:11:34+00:00
9341;1.65;2023-08-11T22:08:54+00:00
9344;1.19;2023-08-31T03:31:16+00:00
9350;1.63;2023-07-21T06:14:05+00:00
9356;2.52;2023-05-18T20:12:58+00:00
9360;9.08;2023-06-11T23:32:43+00:00
9361;6.32;2023-05-20T09:22:17+00:00
9368;6.59;2023-07-28T11:37:52+00:00
9372;0.64;2023-05-22T05:13:14+00:00
9373;5.69;2023-05-10T02:42:46+00:00
9379;1.96;2023-07-05T07:49:21+00:00
9383;4.55;2023-06-23T04:19:30+00:00
9388;5.48;2023-08-06T01:31:53+00:00
9394;5.62;2023-09-27T05:42:50+00:00
9402;0.83;2023-08-02T20:15:56+00:00
9404;1.94;2023-10-02T11:12:56+00:00
9411;4.54;2023-06-11T01:54:09+00:00
9412;0.48;2023-06-13T09:15:32+00:00
9417;3.71;2023-06-30T10:55:59+00:00
9420;3.92;2023-05-08T15:47:56+00:00
9421;5.7;2023-08-18T04:08:31+00:00
9423;1.95;2023-11-09T01:14:15+00:00
9425;4.12;2023-06-26T22:22:20+00:00
9429;3.3;2023-09-21T04:11:56+00:00
9433;3.04;2023-07-09T14:19:19+00:00
9437;1.94;2023-05-16T22:05:56+00:00
9450;4.32;2023-05-06T05:27:57+00:00
9466;6.86;2023-09-29T22:19:49+00:00
9482;2.65;2023-05-18T20:29:30+00:00
9487;1.24;2023-10-22T21:55:18+00:00
9488;1.8;2023-06-04T20:03:59+00:00
9489;0.47;2023-07-31T05:48:53+00:00
9492;4.41;2023-06-29T08:02:53+00:00
9500;3.56;2023-08-28T17:22:53+00:00
9518;2.01;2023-07-13T00:49:32+00:00
9526;4.29;2023-11-26T09:10:34+00:00
9531;2.65;2023-05-23T07:04:07+00:00
9544;1.84;2023-06-29T04:38:36+00:00
9547;4.17;2023-08-11T13:01:13+00:00
9549;5.53;2023-10-25T04:55:31+00:00
9558;4.11;2023-09-27T00:03:28+00:00
9563;1.38;2023-10-27T20:40:30+00:00
9565;0.86;2023-07-27T17:23:00+00:00
9585;8.19;2023-07-31T23:31:31+00:00
9586;0.82;2023-07-14T02:19:50+00:00
9590;4.1;2023-09-05T20:32:20+00:00
9591;5.15;2023-10-17T06:31:25+00:00
9592;2.65;2023-11-24T17:38:07+00:00
9605;1.49;2023-10-22T06:11:37+00:00
9606;2.89;2023-06-21T09:14:42+00:00
9610;3.38;2023-06-17T02:42:18+00:00
9618;1.6;2023-10-13T15:10:22+00:00
9622;2.44;2023-07-28T17:23:05+00:00
9628;4.03;2023-06-07T23:22:04+00:00
9630;5.44;2023-06-29T08:11:08+00:00
9637;0.85;2023-09-23T00:07:00+00:00
9641;2.25;2023-11-22T05:24:17+00:00
9642;7.96;2023-08-26T13:13:20+00:00
9656;4.91;2023-06-08T13:12:43+00:00
9657;1.47;2023-07-15T08:38:52+00:00
9660;1.87;2023-09-04T07:57:11+00:00
9665;0.82;2023-07-27T00:37:47+00:00
9669;1.98;2023-07-08T00:15:24+00:00
9675;0.87;2023-11-15T02:15:07+00:00
9684;0.58;2023-09-02T06:31:57+00:00
9687;1.38;2023-05-24T19:05:37+00:00
9694;1.8;2023-11-18T16:57:36+00:00
9701;8.99;2023-10-20T19:39:41+00:00
9706;3.22;2023-05-23T05:52:15+00:00
9708;1.83;2023-08-29T00:38:14+00:00
9714;0.93;2023-11-16T20:16:38+00:00
9715;4.5;2023-08-27T11:46:25+00:00
9717;0.9;2023-08-05T21:25:00+00:00
9721;1.88;2023-05-03T05:46:01+00:00
9727;3.8;2023-07-09T22:43:46+00:00
9728;0.44;2023-07-24T05:04:57+00:00
9737;6.55;2023-07-07T22:41:50+00:00
9747;2.6;2023-10-09T04:57:38+00:00
9750;3.84;2023-11-21T04:29:43+00:00
9753;6.92;2023-06-19T09:43:49+00:00
9757;6.6;2023-08-12T03:16:15+00:00
9763;2.48;2023-06-06T20:53:39+00:00
9773;2.33;2023-07-27T01:47:17+00:00
9774;0.47;2023-08-31T16:43:35+00:00
9776;5.28;2023-05-25T05:01:41+00:00
9783;0.64;2023-06-21T17:40:30+00:00
9784;1.52;2023-05-08T11:01:24+00:00
9792;0.35;2023-10-18T22:28:34+00:00
9796;1.51;2023-10-21T05:39:06+00:00
9801;5.05;2023-06-07T15:49:14+00:00
9804;2.78;2023-09-22T13:41:07+00:00
9805;1.33;2023-11-10T06:53:40+00:00
9808;5.87;2023-05-04T20:02:47+00:00
9809;3.69;2023-07-07T11:09:06+00:00
9817;4.33;2023-05-06T08:53:34+00:00
9820;2.33;2023-06-15T06:10:48+00:00
9824;1.49;2023-06-30T01:52:35+00:00
9826;8.73;2023-08-13T09:11:38+00:00
9830;3.2;2023-10-07T09:10:44+00:00
9835;3.65;2023-11-01T18:48:26+00:00
9838;1.52;2023-11-07T12:08:42+00:00
9840;3.42;2023-05-14T04:46:27+00:00
9844;1.58;2023-11-14T02:21:58+00:00
9846;1.14;2023-05-13T04:41:16+00:00
9858;6.44;2023-08-27T20:23:36+00:00
9860;2.24;2023-10-11T01:22:33+00:00
9861;3.71;2023-08-23T02:54:20+00:00
9868;5.98;2023-11-03T00:20:25+00:00
9876;4.34;2023-08-17T16:14:40+00:00
9878;3.23;2023-05-05T20:05:19+00:00
9883;6.67;2023-09-12T03:05:54+00:00
9888;0.56;2023-11-05T18:16:59+00:00
9889;1.33;2023-08-26T02:33:23+00:00
9891;4.39;2023-06-21T15:32:19+00:00
9901;5.31;2023-06-11T11:33:51+00:00
9917;7.58;2023-06-13T05:41:09+00:00
9921;1.69;2023-07-25T23:32:00+00:00
9922;9.11;2023-11-08T21:53:09+00:00
9923;1.8;2023-05-29T16:10:41+00:00
9926;3.91;2023-06-11T21:44:40+00:00
9933;7.01;2023-11-07T20:53:11+00:00
9934;0.64;2023-09-17T21:51:41+00:00
9936;1.53;2023-09-30T09:53:53+00:00
9937;2.59;2023-06-18T12:19:13+00:00
9940;5.29;2023-08-10T09:29:51+00:00
9943;1.6;2023-09-05T16:12:40+00:00
9945;2.14;2023-10-25T17:56:35+00:00
9947;4.82;2023-08-29T19:54:05+00:00
9949;2.86;2023-06-08T10:25:40+00:00
9950;6.11;2023-06-18T04:25:21+00:00
9966;0.84;2023-09-26T00:45:36+00:00
9973;1.82;2023-06-05T09:10:27+00:00
9974;2.43;2023-09-14T21:19:04+00:00
9985;7.42;2023-05-24T21:07:14+00:00
9988;7.41;2023-08-15T01:22:44+00:00
9991;2.49;2023-05-17T17:07:23+00:00
9993;2.42;2023-11-13T10:30:30+00:00
9995;1.04;2023-08-01T10:25:55+00:00
9996;1.45;2023-07-17T01:17:08+00:00
9998;0.67;2023-06-30T13:11:46+00:00
10005;5.14;2023-11-13T14:03:15+00:00
10008;1.92;2023-08-30T10:39:35+00:00
10010;0.97;2023-07-13T19:49:21+00:00
10017;4.42;2023-11-04T23:43:16+00:00
10020;2.06;2023-11-06T19:28:33+00:00
10022;0.47;2023-11-10T16:04:11+00:00
10023;3.31;2023-07-25T04:35:05+00:00
10026;1.51;2023-11-10T01:57:23+00:00
10031;4.32;2023-11-19T16:33:13+00:00
10058;3.48;2023-05-13T15:35:07+00:00
10062;1.45;2023-07-07T15:10:28+00:00
